id.exposure,chr.exposure,pos.exposure,SNP,effect_allele.exposure,other_allele.exposure,eaf.exposure,beta.exposure,se.exposure,pval.exposure,samplesize.exposure,exposure,mr_keep.exposure,pval_origin.exposure,data_source.exposure,pair_id,F
ieu-b-40,16,53813367,rs17817449,G,T,0.3948,0.075,0.0016,1e-200,795553,bmi,TRUE,reported,igd,bmi-mort,2197.265625
ieu-b-40,18,57829135,rs6567160,C,T,0.2298,0.055,0.0019,1.79887e-178,795048,bmi,TRUE,reported,igd,bmi-mort,837.950138504155
ieu-b-40,2,632348,rs13021737,G,A,0.8319,0.0574,0.0021,7.49894e-157,789534,bmi,TRUE,reported,igd,bmi-mort,747.111111111111
ieu-b-40,1,177889480,rs543874,G,A,0.1952,0.0475,0.002,1.1995e-122,795504,bmi,TRUE,reported,igd,bmi-mort,564.0625
ieu-b-40,2,25150296,rs10182181,G,A,0.4753,0.0325,0.0016,6.70039e-90,792111,bmi,TRUE,reported,igd,bmi-mort,412.59765625
ieu-b-40,4,45179883,rs12641981,T,C,0.4315,0.0324,0.0016,8.00018e-86,793326,bmi,TRUE,reported,igd,bmi-mort,410.0625
ieu-b-40,11,27684517,rs11030104,G,A,0.2109,-0.0393,0.002,1.99986e-83,794765,bmi,TRUE,reported,igd,bmi-mort,386.1225
ieu-b-40,6,50865820,rs943005,T,C,0.1705,0.0415,0.0021,2.70023e-83,795568,bmi,TRUE,reported,igd,bmi-mort,390.532879818594
ieu-b-40,12,50247468,rs7138803,A,G,0.3772,0.03,0.0017,2.29985e-71,795588,bmi,TRUE,reported,igd,bmi-mort,311.418685121107
ieu-b-40,19,46181392,rs1800437,C,G,0.2049,-0.0341,0.0021,5.10035e-60,759288,bmi,TRUE,reported,igd,bmi-mort,263.675736961451
ieu-b-40,16,28857645,rs7187776,G,A,0.4073,0.0265,0.0016,1.39991e-58,792563,bmi,TRUE,reported,igd,bmi-mort,274.31640625
ieu-b-40,5,75003678,rs2307111,C,T,0.3962,-0.0265,0.0016,1.59993e-58,795430,bmi,TRUE,reported,igd,bmi-mort,274.31640625
ieu-b-40,11,47529947,rs7124681,A,C,0.4133,0.0263,0.0016,3.19963e-58,795474,bmi,TRUE,reported,igd,bmi-mort,270.19140625
ieu-b-40,1,72838529,rs1993709,G,A,0.8177,0.0331,0.0021,1.9002e-57,786001,bmi,TRUE,reported,igd,bmi-mort,248.437641723356
ieu-b-40,3,185834499,rs9816226,T,A,0.8199,0.0323,0.0021,1.59993e-52,778333,bmi,TRUE,reported,igd,bmi-mort,236.573696145125
ieu-b-40,15,68086838,rs2241423,A,G,0.2335,-0.0291,0.0019,2.60016e-50,795613,bmi,TRUE,reported,igd,bmi-mort,234.573407202216
ieu-b-40,4,103188709,rs13107325,T,C,0.07373,0.047,0.0032,1.10002e-47,792045,bmi,TRUE,reported,igd,bmi-mort,215.72265625
ieu-b-40,14,79940383,rs7144011,T,G,0.2136,0.0282,0.002,5.19996e-47,794117,bmi,TRUE,reported,igd,bmi-mort,198.81
ieu-b-40,6,34617144,rs2814992,G,A,0.3401,0.0245,0.0017,4.10015e-45,794002,bmi,TRUE,reported,igd,bmi-mort,207.698961937716
ieu-b-40,9,28410996,rs1412235,C,G,0.3175,0.0246,0.0017,6.00067e-45,790147,bmi,TRUE,reported,igd,bmi-mort,209.397923875433
ieu-b-40,3,49924424,rs11713193,A,G,0.5073,0.0239,0.0017,2.39994e-44,692159,bmi,TRUE,reported,igd,bmi-mort,197.650519031142
ieu-b-40,16,29994922,rs3814883,T,C,0.4764,0.0232,0.0017,1.10002e-40,685519,bmi,TRUE,reported,igd,bmi-mort,186.242214532872
ieu-b-40,1,110082886,rs7550711,T,C,0.03058,0.0649,0.005,3.19963e-38,769184,bmi,TRUE,reported,igd,bmi-mort,168.4804
ieu-b-40,1,201841476,rs2820311,G,A,0.3369,0.0235,0.0018,4.10015e-38,691876,bmi,TRUE,reported,igd,bmi-mort,170.447530864198
ieu-b-40,16,4015729,rs879620,T,C,0.6179,0.0231,0.0018,5.30029e-38,688377,bmi,TRUE,reported,igd,bmi-mort,164.694444444444
ieu-b-40,13,54102206,rs12429545,A,G,0.1248,0.0316,0.0025,9.60064e-38,778918,bmi,TRUE,reported,igd,bmi-mort,159.7696
ieu-b-40,5,87988733,rs2304607,G,A,0.148,0.032,0.0025,1.69981e-36,684918,bmi,TRUE,reported,igd,bmi-mort,163.84
ieu-b-40,2,58935282,rs4671328,G,T,0.5533,-0.0219,0.0017,2.19989e-36,679487,bmi,TRUE,reported,igd,bmi-mort,165.955017301038
ieu-b-40,18,58051294,rs8097783,A,G,0.07554,-0.0389,0.0031,7.19946e-36,795408,bmi,TRUE,reported,igd,bmi-mort,157.462018730489
ieu-b-40,7,75101065,rs17207196,T,C,0.4118,-0.0221,0.0018,2.09991e-35,668894,bmi,TRUE,reported,igd,bmi-mort,150.743827160494
ieu-b-40,14,25928179,rs10132280,A,C,0.3017,-0.0223,0.0018,5.60015e-35,786578,bmi,TRUE,reported,igd,bmi-mort,153.484567901235
ieu-b-40,16,19941968,rs9926784,C,T,0.1822,-0.0258,0.0021,9.8992e-35,789617,bmi,TRUE,reported,igd,bmi-mort,150.938775510204
ieu-b-40,1,96940119,rs2181375,G,A,0.5901,0.0208,0.0017,1.29987e-32,691474,bmi,TRUE,reported,igd,bmi-mort,149.702422145329
ieu-b-40,16,69556715,rs889398,T,C,0.4247,-0.0196,0.0016,1.29987e-32,789694,bmi,TRUE,reported,igd,bmi-mort,150.0625
ieu-b-40,12,939480,rs11611246,T,G,0.21,0.024,0.002,5.00035e-32,779823,bmi,TRUE,reported,igd,bmi-mort,144
ieu-b-40,3,94036952,rs4857329,G,A,0.5226,-0.0202,0.0017,5.30029e-32,692215,bmi,TRUE,reported,igd,bmi-mort,141.190311418685
ieu-b-40,8,77228222,rs1405348,G,A,0.5676,0.0204,0.0017,6.20012e-32,692448,bmi,TRUE,reported,igd,bmi-mort,144
ieu-b-40,3,131758077,rs1320903,A,G,0.3174,0.0216,0.0018,9.20026e-32,691519,bmi,TRUE,reported,igd,bmi-mort,144
ieu-b-40,18,21113285,rs2510344,C,T,0.4827,-0.0202,0.0017,1.10002e-31,691713,bmi,TRUE,reported,igd,bmi-mort,141.190311418685
ieu-b-40,12,122963550,rs12369179,T,C,0.08782,-0.0359,0.0031,2.49977e-31,674260,bmi,TRUE,reported,igd,bmi-mort,134.111342351717
ieu-b-40,11,43719101,rs7928523,T,C,0.3142,0.0213,0.0018,8.10028e-31,692402,bmi,TRUE,reported,igd,bmi-mort,140.027777777778
ieu-b-40,2,59307725,rs6545714,A,G,0.6139,-0.0191,0.0017,9.09913e-31,793368,bmi,TRUE,reported,igd,bmi-mort,126.231833910035
ieu-b-40,20,51107290,rs17806379,T,C,0.1789,-0.0258,0.0022,1.50003e-30,690043,bmi,TRUE,reported,igd,bmi-mort,137.528925619835
ieu-b-40,9,15634326,rs4740619,C,T,0.4521,-0.0186,0.0016,2.29985e-30,794491,bmi,TRUE,reported,igd,bmi-mort,135.140625
ieu-b-40,5,107439012,rs40067,A,G,0.1713,-0.0266,0.0023,7.10068e-30,681695,bmi,TRUE,reported,igd,bmi-mort,133.754253308129
ieu-b-40,1,74995225,rs7551507,T,C,0.5633,-0.0184,0.0016,9.30037e-30,794579,bmi,TRUE,reported,igd,bmi-mort,132.25
ieu-b-40,6,40371918,rs1579557,T,C,0.2998,0.0213,0.0019,1.10002e-29,692405,bmi,TRUE,reported,igd,bmi-mort,125.675900277008
ieu-b-40,19,47602577,rs9304665,A,T,0.7633,0.0229,0.002,2.90001e-29,689470,bmi,TRUE,reported,igd,bmi-mort,131.1025
ieu-b-40,20,6614691,rs1321432,C,A,0.6321,0.0201,0.0018,3.50026e-29,686481,bmi,TRUE,reported,igd,bmi-mort,124.694444444444
ieu-b-40,1,49828663,rs7531656,G,A,0.6754,-0.0195,0.0017,7.39946e-29,794253,bmi,TRUE,reported,igd,bmi-mort,131.574394463668
ieu-b-40,1,77967523,rs12049202,T,C,0.203,0.024,0.0022,1e-28,691566,bmi,TRUE,reported,igd,bmi-mort,119.00826446281
ieu-b-40,19,18830704,rs11880870,G,A,0.4801,-0.0189,0.0017,1e-28,717350,bmi,TRUE,reported,igd,bmi-mort,123.602076124568
ieu-b-40,17,78611724,rs12939549,G,A,0.4335,-0.018,0.0016,2.70023e-28,793950,bmi,TRUE,reported,igd,bmi-mort,126.5625
ieu-b-40,3,85819412,rs2325036,C,A,0.3845,-0.0181,0.0017,3.59998e-27,790870,bmi,TRUE,reported,igd,bmi-mort,113.359861591696
ieu-b-40,11,8667680,rs10840099,C,T,0.6488,0.0182,0.0017,9.8992e-27,794507,bmi,TRUE,reported,igd,bmi-mort,114.615916955017
ieu-b-40,3,141275436,rs16851483,T,G,0.06928,0.0369,0.0035,3.19963e-26,692316,bmi,TRUE,reported,igd,bmi-mort,111.151836734694
ieu-b-40,3,61236462,rs2365389,T,C,0.4143,-0.0174,0.0017,1.29987e-25,783625,bmi,TRUE,reported,igd,bmi-mort,104.76124567474
ieu-b-40,17,46252346,rs208015,C,T,0.9216,-0.0356,0.0034,1.39991e-25,691575,bmi,TRUE,reported,igd,bmi-mort,109.63321799308
ieu-b-40,19,30296853,rs8102137,C,T,0.3237,0.0193,0.0018,1.69981e-25,692575,bmi,TRUE,reported,igd,bmi-mort,114.966049382716
ieu-b-40,17,1846831,rs4516268,A,C,0.1925,-0.0217,0.0021,5.19996e-25,786617,bmi,TRUE,reported,igd,bmi-mort,106.777777777778
ieu-b-40,5,87697533,rs6870983,T,C,0.2177,-0.0204,0.002,6.4998e-25,792455,bmi,TRUE,reported,igd,bmi-mort,104.04
ieu-b-40,8,10788875,rs11783247,T,C,0.5375,-0.0169,0.0016,1.20005e-24,790309,bmi,TRUE,reported,igd,bmi-mort,111.56640625
ieu-b-40,5,153537893,rs7715256,T,G,0.5781,-0.0166,0.0016,2.19989e-24,795302,bmi,TRUE,reported,igd,bmi-mort,107.640625
ieu-b-40,4,137083193,rs1296328,C,A,0.5657,-0.0179,0.0018,4.90004e-24,683488,bmi,TRUE,reported,igd,bmi-mort,98.891975308642
ieu-b-40,10,21834536,rs7098100,A,G,0.3559,0.0185,0.0018,5.30029e-24,680752,bmi,TRUE,reported,igd,bmi-mort,105.632716049383
ieu-b-40,8,73439070,rs1431659,G,A,0.7344,-0.0196,0.0019,6.00067e-24,689739,bmi,TRUE,reported,igd,bmi-mort,106.415512465374
ieu-b-40,2,213413231,rs7599312,A,G,0.2652,-0.0186,0.0019,6.90081e-24,780823,bmi,TRUE,reported,igd,bmi-mort,95.8337950138504
ieu-b-40,14,29702590,rs12887636,G,T,0.3511,-0.0176,0.0017,7.19946e-24,783533,bmi,TRUE,reported,igd,bmi-mort,107.18339100346
ieu-b-40,10,114758349,rs7903146,T,C,0.2912,-0.0181,0.0018,1.29987e-23,795624,bmi,TRUE,reported,igd,bmi-mort,101.114197530864
ieu-b-40,12,103658096,rs4764949,G,A,0.3357,-0.0184,0.0018,1.69981e-23,691560,bmi,TRUE,reported,igd,bmi-mort,104.493827160494
ieu-b-40,2,205375909,rs4482463,A,C,0.9213,-0.0331,0.0033,2.80027e-23,635414,bmi,TRUE,reported,igd,bmi-mort,100.606978879706
ieu-b-40,17,21261560,rs4986044,T,C,0.4687,-0.0164,0.0016,3.29989e-23,787219,bmi,TRUE,reported,igd,bmi-mort,105.0625
ieu-b-40,1,62594677,rs2481665,C,T,0.4408,-0.0161,0.0016,7.19946e-23,795247,bmi,TRUE,reported,igd,bmi-mort,101.25390625
ieu-b-40,21,46570896,rs427943,C,A,0.5669,0.017,0.0017,7.29962e-23,712095,bmi,TRUE,reported,igd,bmi-mort,100
ieu-b-40,6,108996963,rs3800229,T,G,0.7123,0.0175,0.0018,1.39991e-22,792474,bmi,TRUE,reported,igd,bmi-mort,94.5216049382716
ieu-b-40,14,103256877,rs12888955,A,G,0.6513,-0.0178,0.0018,1.39991e-22,691849,bmi,TRUE,reported,igd,bmi-mort,97.7901234567901
ieu-b-40,1,47676233,rs741959,G,A,0.5913,-0.017,0.0017,1.59993e-22,692429,bmi,TRUE,reported,igd,bmi-mort,100
ieu-b-40,13,28011963,rs1218822,A,G,0.6663,0.0168,0.0017,1.9002e-22,794711,bmi,TRUE,reported,igd,bmi-mort,97.6608996539792
ieu-b-40,19,18449238,rs9636202,A,G,0.2568,-0.0183,0.0019,2.90001e-22,774936,bmi,TRUE,reported,igd,bmi-mort,92.7673130193906
ieu-b-40,7,103417557,rs11496125,T,C,0.4212,0.0169,0.0017,2.99985e-22,684574,bmi,TRUE,reported,igd,bmi-mort,98.8269896193772
ieu-b-40,11,115044850,rs1048932,A,C,0.4162,-0.016,0.0017,3.80014e-22,795167,bmi,TRUE,reported,igd,bmi-mort,88.5813148788927
ieu-b-40,2,181607676,rs9630985,C,A,0.6756,0.0177,0.0018,4.40048e-22,690619,bmi,TRUE,reported,igd,bmi-mort,96.6944444444445
ieu-b-40,11,13294268,rs900144,T,C,0.5674,0.0166,0.0017,8.69961e-22,692126,bmi,TRUE,reported,igd,bmi-mort,95.3494809688581
ieu-b-40,10,99769388,rs577525,C,T,0.5676,0.0166,0.0017,9.70063e-22,690616,bmi,TRUE,reported,igd,bmi-mort,95.3494809688581
ieu-b-40,1,190239907,rs10920678,G,A,0.5709,-0.0155,0.0016,1.50003e-21,788624,bmi,TRUE,reported,igd,bmi-mort,93.84765625
ieu-b-40,17,34916879,rs8068351,C,T,0.4055,-0.0165,0.0017,2.90001e-21,692387,bmi,TRUE,reported,igd,bmi-mort,94.204152249135
ieu-b-40,3,25106437,rs6804842,G,A,0.572,0.0156,0.0017,3.59998e-21,789179,bmi,TRUE,reported,igd,bmi-mort,84.2076124567474
ieu-b-40,14,94006257,rs9989141,T,C,0.6387,0.0162,0.0017,3.59998e-21,752768,bmi,TRUE,reported,igd,bmi-mort,90.8096885813149
ieu-b-40,6,163033350,rs13191362,G,A,0.1198,-0.0236,0.0025,5.90065e-21,792699,bmi,TRUE,reported,igd,bmi-mort,89.1136
ieu-b-40,8,116661045,rs2737249,G,T,0.3382,-0.0171,0.0018,8.99912e-21,684017,bmi,TRUE,reported,igd,bmi-mort,90.25
ieu-b-40,19,45410002,rs769449,A,G,0.1161,-0.0254,0.0027,2.29985e-20,566857,bmi,TRUE,reported,igd,bmi-mort,88.4993141289437
ieu-b-40,2,416815,rs4639527,G,A,0.3012,0.0172,0.0019,3.29989e-20,691706,bmi,TRUE,reported,igd,bmi-mort,81.9501385041551
ieu-b-40,11,30422068,rs2065418,G,T,0.3623,-0.0166,0.0018,3.59998e-20,691707,bmi,TRUE,reported,igd,bmi-mort,85.0493827160494
ieu-b-40,5,170459675,rs7730898,A,G,0.729,0.0168,0.0018,4.49987e-20,792975,bmi,TRUE,reported,igd,bmi-mort,87.1111111111111
ieu-b-40,16,3599655,rs12448257,A,G,0.218,0.0184,0.002,8.10028e-20,779628,bmi,TRUE,reported,igd,bmi-mort,84.64
ieu-b-40,2,50233352,rs930295,C,A,0.8417,-0.0211,0.0023,1e-19,690522,bmi,TRUE,reported,igd,bmi-mort,84.1606805293006
ieu-b-40,7,112972483,rs7788008,A,G,0.4445,-0.0157,0.0017,1.10002e-19,690410,bmi,TRUE,reported,igd,bmi-mort,85.2906574394464
ieu-b-40,15,95271378,rs11633626,A,C,0.6304,-0.0163,0.0018,1.10002e-19,690855,bmi,TRUE,reported,igd,bmi-mort,82.0030864197531
ieu-b-40,6,83433228,rs9294260,A,G,0.4731,0.0147,0.0016,1.80011e-19,783533,bmi,TRUE,reported,igd,bmi-mort,84.41015625
ieu-b-40,13,96922191,rs1927790,C,T,0.4109,0.0148,0.0016,1.80011e-19,794326,bmi,TRUE,reported,igd,bmi-mort,85.5625
ieu-b-40,22,40604945,rs4820408,G,T,0.592,-0.0151,0.0017,2.09991e-19,794185,bmi,TRUE,reported,igd,bmi-mort,78.8961937716263
ieu-b-40,2,86766153,rs7557796,C,T,0.6524,-0.016,0.0018,2.29985e-19,692414,bmi,TRUE,reported,igd,bmi-mort,79.0123456790124
ieu-b-40,7,76818677,rs11505821,T,A,0.0601,0.0311,0.0035,2.70023e-19,758322,bmi,TRUE,reported,igd,bmi-mort,78.9559183673469
ieu-b-40,14,103858673,rs3783394,A,G,0.3542,-0.0161,0.0018,5.30029e-19,690936,bmi,TRUE,reported,igd,bmi-mort,80.0030864197531
ieu-b-40,19,4060707,rs895330,G,C,0.1924,-0.0201,0.0023,5.50047e-19,684271,bmi,TRUE,reported,igd,bmi-mort,76.3724007561437
ieu-b-40,7,113460282,rs10953740,G,A,0.5534,-0.0153,0.0017,1e-18,684419,bmi,TRUE,reported,igd,bmi-mort,81
ieu-b-40,10,87410904,rs7899106,G,A,0.04777,0.0331,0.0037,1e-18,793689,bmi,TRUE,reported,igd,bmi-mort,80.0299488677867
ieu-b-40,9,103061366,rs10118701,G,A,0.3227,0.0163,0.0018,1.10002e-18,692315,bmi,TRUE,reported,igd,bmi-mort,82.0030864197531
ieu-b-40,13,58670147,rs9563576,T,C,0.1753,-0.0189,0.0021,1.20005e-18,795114,bmi,TRUE,reported,igd,bmi-mort,81
ieu-b-40,3,154034950,rs355777,C,G,0.4106,0.0153,0.0017,1.39991e-18,689978,bmi,TRUE,reported,igd,bmi-mort,81
ieu-b-40,1,1708801,rs12044597,G,A,0.5029,0.0143,0.0016,1.69981e-18,789125,bmi,TRUE,reported,igd,bmi-mort,79.87890625
ieu-b-40,6,98539519,rs901630,T,C,0.3973,-0.0146,0.0017,1.9002e-18,794597,bmi,TRUE,reported,igd,bmi-mort,73.757785467128
ieu-b-40,19,31016196,rs11668301,G,A,0.1518,-0.021,0.0024,1.9002e-18,691176,bmi,TRUE,reported,igd,bmi-mort,76.5625
ieu-b-40,11,69445173,rs592483,T,C,0.5716,-0.0147,0.0017,1.99986e-18,781871,bmi,TRUE,reported,igd,bmi-mort,74.7716262975778
ieu-b-40,11,65594820,rs7102454,C,T,0.3435,0.0158,0.0018,2.39994e-18,691134,bmi,TRUE,reported,igd,bmi-mort,77.0493827160494
ieu-b-40,3,136292279,rs6794351,T,C,0.7329,0.0169,0.0019,2.49977e-18,692081,bmi,TRUE,reported,igd,bmi-mort,79.1163434903047
ieu-b-40,13,28617708,rs7318817,T,C,0.6071,-0.0155,0.0018,2.70023e-18,691917,bmi,TRUE,reported,igd,bmi-mort,74.1512345679012
ieu-b-40,19,18215247,rs273504,G,A,0.4266,0.0153,0.0018,4.40048e-18,690672,bmi,TRUE,reported,igd,bmi-mort,72.25
ieu-b-40,9,120378483,rs1928295,C,T,0.4461,-0.0141,0.0016,5.40008e-18,793649,bmi,TRUE,reported,igd,bmi-mort,77.66015625
ieu-b-40,16,72996162,rs756717,A,G,0.3973,-0.0148,0.0017,5.40008e-18,771976,bmi,TRUE,reported,igd,bmi-mort,75.7923875432526
ieu-b-40,3,88104411,rs1006896,C,A,0.1061,-0.0234,0.0027,5.50047e-18,691892,bmi,TRUE,reported,igd,bmi-mort,75.1111111111111
ieu-b-40,2,147903382,rs429343,G,A,0.5813,-0.015,0.0017,6.79986e-18,689345,bmi,TRUE,reported,igd,bmi-mort,77.8546712802768
ieu-b-40,2,229016917,rs10211055,C,T,0.3456,0.0157,0.0018,7.19946e-18,686577,bmi,TRUE,reported,igd,bmi-mort,76.0771604938272
ieu-b-40,13,33380786,rs7983065,T,C,0.4503,-0.0148,0.0017,8.9002e-18,690924,bmi,TRUE,reported,igd,bmi-mort,75.7923875432526
ieu-b-40,17,65870073,rs12602912,T,C,0.2048,0.0176,0.0021,9.8992e-18,777510,bmi,TRUE,reported,igd,bmi-mort,70.2403628117914
ieu-b-40,2,105466005,rs1451533,A,G,0.273,0.0167,0.0019,1e-17,680795,bmi,TRUE,reported,igd,bmi-mort,77.2548476454294
ieu-b-40,10,126594078,rs17636031,C,T,0.2701,0.016,0.0019,1.20005e-17,782807,bmi,TRUE,reported,igd,bmi-mort,70.9141274238227
ieu-b-40,13,111984244,rs2479958,G,A,0.5075,-0.0154,0.0018,1.50003e-17,664268,bmi,TRUE,reported,igd,bmi-mort,73.1975308641975
ieu-b-40,1,151018861,rs6587552,G,A,0.7591,-0.0173,0.002,1.59993e-17,689723,bmi,TRUE,reported,igd,bmi-mort,74.8225
ieu-b-40,8,14095900,rs13263601,C,A,0.3478,0.0154,0.0018,2.19989e-17,686196,bmi,TRUE,reported,igd,bmi-mort,73.1975308641975
ieu-b-40,21,40309436,rs13047416,G,C,0.3769,-0.0154,0.0018,2.19989e-17,683228,bmi,TRUE,reported,igd,bmi-mort,73.1975308641975
ieu-b-40,3,170744815,rs5396,C,T,0.2765,0.0154,0.0018,2.99985e-17,785408,bmi,TRUE,reported,igd,bmi-mort,73.1975308641975
ieu-b-40,7,99064466,rs13240600,G,A,0.1552,-0.0204,0.0024,3.50026e-17,692233,bmi,TRUE,reported,igd,bmi-mort,72.25
ieu-b-40,7,32368524,rs215632,G,A,0.6382,-0.0152,0.0018,3.69999e-17,684437,bmi,TRUE,reported,igd,bmi-mort,71.3086419753087
ieu-b-40,14,47272423,rs12587412,G,T,0.5104,-0.0146,0.0017,4.79954e-17,688484,bmi,TRUE,reported,igd,bmi-mort,73.757785467128
ieu-b-40,2,230641763,rs7598508,C,T,0.3292,0.0154,0.0018,6.70039e-17,691660,bmi,TRUE,reported,igd,bmi-mort,73.1975308641975
ieu-b-40,6,120213880,rs2357760,A,G,0.6754,0.0145,0.0017,6.79986e-17,791053,bmi,TRUE,reported,igd,bmi-mort,72.7508650519032
ieu-b-40,1,23299906,rs6692586,G,A,0.832,-0.0192,0.0023,1.10002e-16,690921,bmi,TRUE,reported,igd,bmi-mort,69.6862003780718
ieu-b-40,5,63021638,rs1895407,C,T,0.4847,0.0142,0.0017,1.20005e-16,692252,bmi,TRUE,reported,igd,bmi-mort,69.7716262975779
ieu-b-40,2,67836507,rs2861683,C,A,0.407,-0.0144,0.0017,1.29987e-16,691163,bmi,TRUE,reported,igd,bmi-mort,71.7508650519031
ieu-b-40,1,2444414,rs7535528,A,G,0.3741,-0.0152,0.0018,1.39991e-16,632868,bmi,TRUE,reported,igd,bmi-mort,71.3086419753087
ieu-b-40,4,130731284,rs4864201,C,T,0.6469,-0.0141,0.0017,1.50003e-16,795263,bmi,TRUE,reported,igd,bmi-mort,68.7923875432526
ieu-b-40,12,108413828,rs11611496,A,G,0.2218,-0.0169,0.002,1.69981e-16,690148,bmi,TRUE,reported,igd,bmi-mort,71.4025
ieu-b-40,12,41819215,rs1350430,C,T,0.4574,0.0142,0.0017,1.99986e-16,686361,bmi,TRUE,reported,igd,bmi-mort,69.7716262975779
ieu-b-40,2,100830040,rs4303732,C,T,0.3974,-0.0144,0.0017,2.19989e-16,691017,bmi,TRUE,reported,igd,bmi-mort,71.7508650519031
ieu-b-40,15,51748610,rs3736485,G,A,0.5443,-0.0134,0.0016,2.49977e-16,790404,bmi,TRUE,reported,igd,bmi-mort,70.140625
ieu-b-40,5,139080745,rs13174863,G,A,0.1548,0.0192,0.0023,2.90001e-16,773762,bmi,TRUE,reported,igd,bmi-mort,69.6862003780718
ieu-b-40,5,122733317,rs7711753,A,G,0.4356,-0.0134,0.0016,3.40017e-16,794802,bmi,TRUE,reported,igd,bmi-mort,70.140625
ieu-b-40,20,15819495,rs8123881,G,A,0.1299,0.0196,0.0024,4.40048e-16,793018,bmi,TRUE,reported,igd,bmi-mort,66.6944444444445
ieu-b-40,6,12124855,rs2228213,A,G,0.3481,-0.0139,0.0017,4.60045e-16,795595,bmi,TRUE,reported,igd,bmi-mort,66.8546712802768
ieu-b-40,6,97922184,rs200810,C,T,0.3716,-0.0136,0.0017,5.50047e-16,793699,bmi,TRUE,reported,igd,bmi-mort,64
ieu-b-40,15,79432359,rs12595749,G,A,0.4286,-0.0141,0.0017,5.70033e-16,692290,bmi,TRUE,reported,igd,bmi-mort,68.7923875432526
ieu-b-40,9,16720329,rs10962550,C,G,0.1801,0.0182,0.0022,6.20012e-16,690579,bmi,TRUE,reported,igd,bmi-mort,68.4380165289256
ieu-b-40,4,25428296,rs9291467,C,T,0.5375,-0.014,0.0017,6.70039e-16,688636,bmi,TRUE,reported,igd,bmi-mort,67.8200692041523
ieu-b-40,3,104606130,rs1436343,G,A,0.5922,0.0141,0.0017,7.29962e-16,692012,bmi,TRUE,reported,igd,bmi-mort,68.7923875432526
ieu-b-40,5,43191033,rs7730004,T,C,0.6693,0.0148,0.0018,9.09913e-16,690164,bmi,TRUE,reported,igd,bmi-mort,67.604938271605
ieu-b-40,18,1839564,rs8097544,G,A,0.1523,0.02,0.0025,9.30037e-16,686083,bmi,TRUE,reported,igd,bmi-mort,64
ieu-b-40,11,130875123,rs1433976,G,A,0.515,0.0139,0.0017,9.70063e-16,684655,bmi,TRUE,reported,igd,bmi-mort,66.8546712802768
ieu-b-40,6,51180765,rs2465043,A,G,0.3514,-0.0146,0.0018,1.10002e-15,685636,bmi,TRUE,reported,igd,bmi-mort,65.7901234567901
ieu-b-40,11,134601012,rs12364470,G,T,0.1626,0.0178,0.0022,1.10002e-15,787411,bmi,TRUE,reported,igd,bmi-mort,65.4628099173554
ieu-b-40,19,1865901,rs12981256,A,G,0.5325,0.0142,0.0018,1.10002e-15,678327,bmi,TRUE,reported,igd,bmi-mort,62.2345679012346
ieu-b-40,7,49616203,rs10269783,A,G,0.3896,0.0133,0.0017,1.39991e-15,790551,bmi,TRUE,reported,igd,bmi-mort,61.2076124567474
ieu-b-40,20,32603927,rs2268082,A,T,0.5275,0.0137,0.0017,1.59993e-15,692596,bmi,TRUE,reported,igd,bmi-mort,64.9446366782007
ieu-b-40,1,243722892,rs3753549,C,T,0.1437,0.0203,0.0025,1.69981e-15,691062,bmi,TRUE,reported,igd,bmi-mort,65.9344
ieu-b-40,2,6160943,rs2693826,A,G,0.4421,-0.0137,0.0017,1.99986e-15,690808,bmi,TRUE,reported,igd,bmi-mort,64.9446366782007
ieu-b-40,10,102395982,rs17113297,T,C,0.2082,0.0166,0.0021,2.09991e-15,686357,bmi,TRUE,reported,igd,bmi-mort,62.4852607709751
ieu-b-40,5,95762477,rs3811951,G,A,0.2841,0.0153,0.0019,2.19989e-15,691941,bmi,TRUE,reported,igd,bmi-mort,64.8448753462604
ieu-b-40,1,112318484,rs12033257,G,A,0.3835,-0.0146,0.0018,2.39994e-15,664083,bmi,TRUE,reported,igd,bmi-mort,65.7901234567901
ieu-b-40,7,77832149,rs4730110,C,T,0.5805,0.0138,0.0017,2.80027e-15,689947,bmi,TRUE,reported,igd,bmi-mort,65.8961937716263
ieu-b-40,1,96274928,rs11165493,A,G,0.3403,0.0146,0.0019,3.90032e-15,678168,bmi,TRUE,reported,igd,bmi-mort,59.0470914127424
ieu-b-40,4,18529220,rs2643452,A,T,0.5448,0.0136,0.0017,4.70002e-15,690573,bmi,TRUE,reported,igd,bmi-mort,64
ieu-b-40,6,33771673,rs2281819,A,T,0.2302,-0.016,0.002,5.10035e-15,687785,bmi,TRUE,reported,igd,bmi-mort,64
ieu-b-40,16,398151,rs2361988,C,T,0.2539,-0.0155,0.002,5.19996e-15,690251,bmi,TRUE,reported,igd,bmi-mort,60.0625
ieu-b-40,15,73079253,rs17827419,A,G,0.1179,-0.0206,0.0026,5.50047e-15,689037,bmi,TRUE,reported,igd,bmi-mort,62.7751479289941
ieu-b-40,9,37089150,rs11544336,G,A,0.361,-0.014,0.0018,6.00067e-15,691916,bmi,TRUE,reported,igd,bmi-mort,60.4938271604938
ieu-b-40,2,220163543,rs11889536,G,A,0.1493,-0.0189,0.0024,6.4003e-15,688977,bmi,TRUE,reported,igd,bmi-mort,62.015625
ieu-b-40,1,39591779,rs4660443,T,C,0.2218,0.0164,0.0021,6.79986e-15,687234,bmi,TRUE,reported,igd,bmi-mort,60.9886621315193
ieu-b-40,9,96482633,rs4744275,A,G,0.266,0.0144,0.0018,7.00003e-15,793296,bmi,TRUE,reported,igd,bmi-mort,64
ieu-b-40,9,11852043,rs1948080,G,T,0.3749,-0.0137,0.0018,1.10002e-14,690633,bmi,TRUE,reported,igd,bmi-mort,57.929012345679
ieu-b-40,12,90142883,rs10777193,A,G,0.7094,0.015,0.0019,1.10002e-14,775548,bmi,TRUE,reported,igd,bmi-mort,62.3268698060942
ieu-b-40,16,24578458,rs7195386,C,T,0.4986,-0.0133,0.0017,1.10002e-14,687736,bmi,TRUE,reported,igd,bmi-mort,61.2076124567474
ieu-b-40,18,40736590,rs1158805,A,C,0.3766,-0.0137,0.0018,1.20005e-14,691776,bmi,TRUE,reported,igd,bmi-mort,57.929012345679
ieu-b-40,3,62481063,rs1452075,T,C,0.7277,0.0141,0.0018,1.29987e-14,783729,bmi,TRUE,reported,igd,bmi-mort,61.3611111111111
ieu-b-40,18,56883866,rs7238501,T,G,0.76,0.0157,0.002,1.29987e-14,684839,bmi,TRUE,reported,igd,bmi-mort,61.6225
ieu-b-40,5,80922749,rs7707981,G,A,0.3162,-0.0143,0.0019,1.39991e-14,679859,bmi,TRUE,reported,igd,bmi-mort,56.6454293628809
ieu-b-40,7,93232057,rs13247665,C,T,0.3593,0.0139,0.0018,1.39991e-14,690623,bmi,TRUE,reported,igd,bmi-mort,59.6327160493827
ieu-b-40,2,55238677,rs3806572,A,G,0.2788,-0.0145,0.0019,1.59993e-14,687646,bmi,TRUE,reported,igd,bmi-mort,58.2409972299169
ieu-b-40,10,65314711,rs2163188,C,G,0.474,0.0131,0.0017,1.99986e-14,686502,bmi,TRUE,reported,igd,bmi-mort,59.3806228373703
ieu-b-40,19,19378671,rs998732,G,A,0.1578,-0.0171,0.0022,1.99986e-14,793852,bmi,TRUE,reported,igd,bmi-mort,60.4152892561984
ieu-b-40,3,12426936,rs10510419,T,G,0.1416,-0.0177,0.0023,2.19989e-14,789318,bmi,TRUE,reported,igd,bmi-mort,59.2230623818526
ieu-b-40,3,107820063,rs7640424,T,C,0.2969,-0.0136,0.0018,2.29985e-14,790612,bmi,TRUE,reported,igd,bmi-mort,57.0864197530864
ieu-b-40,9,131027982,rs7871866,C,G,0.1531,0.0187,0.0024,2.29985e-14,683494,bmi,TRUE,reported,igd,bmi-mort,60.7100694444445
ieu-b-40,2,164567689,rs1460676,C,T,0.1603,0.0166,0.0022,4.10015e-14,794361,bmi,TRUE,reported,igd,bmi-mort,56.9338842975207
ieu-b-40,3,42425059,rs33494,G,C,0.8082,-0.0167,0.0022,4.40048e-14,689783,bmi,TRUE,reported,igd,bmi-mort,57.6219008264463
ieu-b-40,8,95582606,rs12680842,G,A,0.3205,-0.0133,0.0018,4.40048e-14,782549,bmi,TRUE,reported,igd,bmi-mort,54.5956790123457
ieu-b-40,3,82642734,rs7647242,T,C,0.3994,0.0132,0.0017,5.10035e-14,692026,bmi,TRUE,reported,igd,bmi-mort,60.2906574394464
ieu-b-40,1,174478100,rs12564992,G,A,0.1144,0.0196,0.0026,5.30029e-14,795119,bmi,TRUE,reported,igd,bmi-mort,56.8284023668639
ieu-b-40,18,39612720,rs474605,G,A,0.5081,0.0131,0.0017,5.70033e-14,683517,bmi,TRUE,reported,igd,bmi-mort,59.3806228373703
ieu-b-40,8,85077686,rs733594,T,C,0.718,0.0138,0.0018,5.90065e-14,791828,bmi,TRUE,reported,igd,bmi-mort,58.7777777777778
ieu-b-40,16,53650663,rs16952396,A,C,0.1814,0.0177,0.0024,6.00067e-14,679412,bmi,TRUE,reported,igd,bmi-mort,54.390625
ieu-b-40,2,35449306,rs10048652,C,T,0.5499,-0.0129,0.0017,7.10068e-14,692063,bmi,TRUE,reported,igd,bmi-mort,57.5813148788927
ieu-b-40,10,33969931,rs12762034,C,T,0.07583,0.024,0.0032,7.29962e-14,692191,bmi,TRUE,reported,igd,bmi-mort,56.25
ieu-b-40,2,46934505,rs17822019,C,T,0.3653,-0.0132,0.0018,7.8001e-14,689622,bmi,TRUE,reported,igd,bmi-mort,53.7777777777778
ieu-b-40,4,38691024,rs2242189,C,T,0.3658,-0.0135,0.0018,8.30042e-14,676050,bmi,TRUE,reported,igd,bmi-mort,56.25
ieu-b-40,12,24075508,rs7970953,A,G,0.29,0.0135,0.0018,9.79941e-14,788417,bmi,TRUE,reported,igd,bmi-mort,56.25
ieu-b-40,5,95861012,rs11951673,T,C,0.3941,-0.0123,0.0017,1.10002e-13,792278,bmi,TRUE,reported,igd,bmi-mort,52.3494809688582
ieu-b-40,6,43764551,rs1358980,T,C,0.4777,-0.0125,0.0017,1.10002e-13,770323,bmi,TRUE,reported,igd,bmi-mort,54.0657439446367
ieu-b-40,11,45438374,rs10742752,C,T,0.6159,0.0124,0.0017,1.10002e-13,792704,bmi,TRUE,reported,igd,bmi-mort,53.204152249135
ieu-b-40,7,2103668,rs6461115,G,A,0.2285,-0.0144,0.0019,1.20005e-13,791735,bmi,TRUE,reported,igd,bmi-mort,57.4404432132964
ieu-b-40,14,91513029,rs1285997,G,C,0.7153,0.0142,0.0019,1.20005e-13,684235,bmi,TRUE,reported,igd,bmi-mort,55.8559556786704
ieu-b-40,17,15943910,rs1075901,C,T,0.5639,0.0121,0.0016,1.20005e-13,794789,bmi,TRUE,reported,igd,bmi-mort,57.19140625
ieu-b-40,1,11129848,rs2791653,G,A,0.7577,-0.0141,0.0019,1.29987e-13,795271,bmi,TRUE,reported,igd,bmi-mort,55.0720221606648
ieu-b-40,11,118913993,rs1003081,T,C,0.4497,0.0121,0.0016,1.29987e-13,788712,bmi,TRUE,reported,igd,bmi-mort,57.19140625
ieu-b-40,14,62360464,rs217671,G,A,0.2719,0.0144,0.0019,1.29987e-13,691456,bmi,TRUE,reported,igd,bmi-mort,57.4404432132964
ieu-b-40,3,62713143,rs925018,G,C,0.3235,0.013,0.0018,1.39991e-13,792062,bmi,TRUE,reported,igd,bmi-mort,52.1604938271605
ieu-b-40,4,55495793,rs6815910,A,T,0.5435,-0.0128,0.0017,1.39991e-13,689263,bmi,TRUE,reported,igd,bmi-mort,56.6920415224914
ieu-b-40,7,150668070,rs10236214,T,C,0.6407,0.0128,0.0017,1.50003e-13,785742,bmi,TRUE,reported,igd,bmi-mort,56.6920415224914
ieu-b-40,10,88096047,rs10887578,C,G,0.4896,0.0128,0.0017,1.59993e-13,679172,bmi,TRUE,reported,igd,bmi-mort,56.6920415224914
ieu-b-40,3,44041777,rs7637852,G,A,0.6951,-0.0139,0.0019,1.69981e-13,691815,bmi,TRUE,reported,igd,bmi-mort,53.5207756232687
ieu-b-40,10,16750129,rs7893571,T,G,0.662,0.0136,0.0018,1.80011e-13,687864,bmi,TRUE,reported,igd,bmi-mort,57.0864197530864
ieu-b-40,11,84814393,rs349088,A,C,0.4976,-0.0128,0.0017,1.80011e-13,684401,bmi,TRUE,reported,igd,bmi-mort,56.6920415224914
ieu-b-40,2,104420858,rs6707445,A,G,0.4543,0.0128,0.0017,2.09991e-13,679298,bmi,TRUE,reported,igd,bmi-mort,56.6920415224914
ieu-b-40,2,208255518,rs17203016,G,A,0.196,0.015,0.002,2.09991e-13,786272,bmi,TRUE,reported,igd,bmi-mort,56.25
ieu-b-40,3,42305131,rs754635,G,C,0.8873,0.0198,0.0027,2.19989e-13,690346,bmi,TRUE,reported,igd,bmi-mort,53.7777777777778
ieu-b-40,12,56412487,rs1701704,G,T,0.33,-0.0134,0.0018,2.19989e-13,680863,bmi,TRUE,reported,igd,bmi-mort,55.4197530864198
ieu-b-40,4,28561990,rs6448587,C,A,0.1891,-0.0167,0.0023,2.29985e-13,691097,bmi,TRUE,reported,igd,bmi-mort,52.7202268431002
ieu-b-40,5,64168193,rs2367112,G,T,0.4919,-0.0119,0.0016,2.29985e-13,794305,bmi,TRUE,reported,igd,bmi-mort,55.31640625
ieu-b-40,13,86484403,rs4343164,T,C,0.2686,0.014,0.0019,2.70023e-13,691376,bmi,TRUE,reported,igd,bmi-mort,54.2936288088643
ieu-b-40,4,112669571,rs326896,T,C,0.3925,-0.0128,0.0018,2.80027e-13,690324,bmi,TRUE,reported,igd,bmi-mort,50.5679012345679
ieu-b-40,4,171632637,rs1522569,G,T,0.1819,-0.0164,0.0022,2.90001e-13,689573,bmi,TRUE,reported,igd,bmi-mort,55.5702479338843
ieu-b-40,8,62117973,rs6471941,A,G,0.1684,0.0156,0.0021,3.10027e-13,793986,bmi,TRUE,reported,igd,bmi-mort,55.1836734693878
ieu-b-40,13,112222410,rs9522282,C,T,0.4134,0.0127,0.0017,3.10027e-13,690781,bmi,TRUE,reported,igd,bmi-mort,55.8096885813149
ieu-b-40,3,123093541,rs2124499,C,G,0.3718,-0.0123,0.0017,3.40017e-13,785955,bmi,TRUE,reported,igd,bmi-mort,52.3494809688582
ieu-b-40,12,69642315,rs10878946,T,C,0.714,-0.0141,0.0019,3.59998e-13,685707,bmi,TRUE,reported,igd,bmi-mort,55.0720221606648
ieu-b-40,1,6713114,rs2235564,T,C,0.3466,0.0131,0.0018,3.69999e-13,691544,bmi,TRUE,reported,igd,bmi-mort,52.9660493827161
ieu-b-40,1,66434743,rs7519259,A,G,0.5356,0.0125,0.0017,3.80014e-13,681362,bmi,TRUE,reported,igd,bmi-mort,54.0657439446367
ieu-b-40,6,131897278,rs2781668,T,C,0.1612,0.0169,0.0023,4.00037e-13,678717,bmi,TRUE,reported,igd,bmi-mort,53.9905482041588
ieu-b-40,17,4801887,rs12936083,G,A,0.3267,0.0139,0.0019,4.10015e-13,633615,bmi,TRUE,reported,igd,bmi-mort,53.5207756232687
ieu-b-40,20,25195509,rs6050446,G,A,0.97001,0.0343,0.0047,4.40048e-13,766287,bmi,TRUE,reported,igd,bmi-mort,53.258940697148
ieu-b-40,5,3488462,rs16871902,A,G,0.4877,0.0125,0.0017,4.60045e-13,690830,bmi,TRUE,reported,igd,bmi-mort,54.0657439446367
ieu-b-40,18,73498528,rs11150911,C,A,0.7191,-0.0133,0.0018,4.70002e-13,781716,bmi,TRUE,reported,igd,bmi-mort,54.5956790123457
ieu-b-40,13,79563749,rs9530843,C,A,0.4442,-0.0128,0.0018,4.79954e-13,674325,bmi,TRUE,reported,igd,bmi-mort,50.5679012345679
ieu-b-40,9,94180627,rs7869771,C,A,0.2647,-0.014,0.0019,4.90004e-13,679436,bmi,TRUE,reported,igd,bmi-mort,54.2936288088643
ieu-b-40,4,65700865,rs11945861,A,G,0.2369,-0.0148,0.002,5.00035e-13,682451,bmi,TRUE,reported,igd,bmi-mort,54.76
ieu-b-40,4,89054667,rs4148155,G,A,0.1127,-0.0188,0.0026,5.00035e-13,794889,bmi,TRUE,reported,igd,bmi-mort,52.2840236686391
ieu-b-40,13,59367767,rs9527895,C,T,0.1629,0.0165,0.0023,5.40008e-13,689933,bmi,TRUE,reported,igd,bmi-mort,51.4650283553875
ieu-b-40,10,104420210,rs3977755,T,C,0.2804,-0.0135,0.0019,5.90065e-13,731529,bmi,TRUE,reported,igd,bmi-mort,50.4847645429363
ieu-b-40,17,46970259,rs1962412,C,T,0.7051,0.0139,0.0019,6.29941e-13,638117,bmi,TRUE,reported,igd,bmi-mort,53.5207756232687
ieu-b-40,18,36164249,rs11874286,A,G,0.7393,-0.0135,0.0019,7.59976e-13,789443,bmi,TRUE,reported,igd,bmi-mort,50.4847645429363
ieu-b-40,2,203820275,rs3731695,C,T,0.5582,0.0116,0.0016,7.89951e-13,793581,bmi,TRUE,reported,igd,bmi-mort,52.5625
ieu-b-40,1,195047936,rs12041258,C,T,0.2287,-0.0146,0.002,9.49948e-13,688602,bmi,TRUE,reported,igd,bmi-mort,53.29
ieu-b-40,18,63461201,rs17710386,C,T,0.3319,0.0126,0.0018,1e-12,783810,bmi,TRUE,reported,igd,bmi-mort,49
ieu-b-40,8,30856464,rs1362910,G,A,0.5815,-0.0121,0.0017,1.20005e-12,744652,bmi,TRUE,reported,igd,bmi-mort,50.6608996539793
ieu-b-40,15,60913637,rs339991,G,A,0.5631,0.0124,0.0018,1.20005e-12,686476,bmi,TRUE,reported,igd,bmi-mort,47.4567901234568
ieu-b-40,10,125220036,rs845084,A,G,0.2678,0.014,0.002,1.29987e-12,685413,bmi,TRUE,reported,igd,bmi-mort,49
ieu-b-40,16,82872628,rs7206608,G,C,0.3146,0.0132,0.0019,1.29987e-12,689058,bmi,TRUE,reported,igd,bmi-mort,48.2659279778394
ieu-b-40,1,156406853,rs4414033,A,G,0.627,0.0129,0.0018,1.39991e-12,672697,bmi,TRUE,reported,igd,bmi-mort,51.3611111111111
ieu-b-40,12,133481917,rs7968230,G,A,0.6774,-0.0131,0.0018,1.59993e-12,690439,bmi,TRUE,reported,igd,bmi-mort,52.9660493827161
ieu-b-40,7,27231762,rs4722672,T,C,0.8151,-0.0151,0.0021,1.80011e-12,784309,bmi,TRUE,reported,igd,bmi-mort,51.702947845805
ieu-b-40,4,162129844,rs13110266,A,G,0.4065,-0.0117,0.0017,1.9002e-12,791087,bmi,TRUE,reported,igd,bmi-mort,47.3667820069204
ieu-b-40,5,119372533,rs6595205,G,C,0.5305,-0.0114,0.0016,1.99986e-12,794525,bmi,TRUE,reported,igd,bmi-mort,50.765625
ieu-b-40,15,62150364,rs17238110,G,A,0.1634,-0.0353,0.005,1.99986e-12,775505,bmi,TRUE,reported,igd,bmi-mort,49.8436
ieu-b-40,20,62691550,rs6512302,C,G,0.7511,0.0142,0.002,2.09991e-12,686053,bmi,TRUE,reported,igd,bmi-mort,50.41
ieu-b-40,2,198950240,rs1064213,A,G,0.492,0.012,0.0017,2.39994e-12,692576,bmi,TRUE,reported,igd,bmi-mort,49.8269896193772
ieu-b-40,20,21381121,rs1409818,T,C,0.1156,0.0201,0.0029,2.49977e-12,690984,bmi,TRUE,reported,igd,bmi-mort,48.0392390011891
ieu-b-40,15,75129594,rs2290573,A,G,0.5536,0.0117,0.0017,2.70023e-12,778650,bmi,TRUE,reported,igd,bmi-mort,47.3667820069204
ieu-b-40,3,81758728,rs3821548,C,G,0.3399,0.0125,0.0018,2.90001e-12,691933,bmi,TRUE,reported,igd,bmi-mort,48.2253086419753
ieu-b-40,6,143185683,rs765875,T,C,0.4808,-0.0121,0.0017,2.99985e-12,690961,bmi,TRUE,reported,igd,bmi-mort,50.6608996539793
ieu-b-40,2,165427825,rs1521527,C,G,0.5324,-0.0121,0.0017,3.10027e-12,678175,bmi,TRUE,reported,igd,bmi-mort,50.6608996539793
ieu-b-40,17,2216258,rs391300,C,T,0.6275,-0.0119,0.0017,3.10027e-12,791120,bmi,TRUE,reported,igd,bmi-mort,49
ieu-b-40,3,181329682,rs6443750,C,T,0.8068,0.0148,0.0021,3.19963e-12,776837,bmi,TRUE,reported,igd,bmi-mort,49.6689342403628
ieu-b-40,4,147376805,rs11736228,T,A,0.2587,-0.0139,0.002,4.10015e-12,691580,bmi,TRUE,reported,igd,bmi-mort,48.3025
ieu-b-40,4,3298800,rs2051559,C,T,0.1308,0.0176,0.0026,5.00035e-12,689307,bmi,TRUE,reported,igd,bmi-mort,45.8224852071006
ieu-b-40,9,109067561,rs1484375,G,A,0.7745,-0.0143,0.0021,5.10035e-12,692563,bmi,TRUE,reported,igd,bmi-mort,46.3696145124717
ieu-b-40,9,73780912,rs10746862,G,T,0.4076,0.0121,0.0017,5.19996e-12,692414,bmi,TRUE,reported,igd,bmi-mort,50.6608996539793
ieu-b-40,17,31464270,rs11656076,A,G,0.2254,-0.0142,0.0021,5.60015e-12,691283,bmi,TRUE,reported,igd,bmi-mort,45.7233560090703
ieu-b-40,13,54385284,rs962796,C,T,0.7948,-0.0148,0.0022,5.90065e-12,692479,bmi,TRUE,reported,igd,bmi-mort,45.2561983471075
ieu-b-40,11,888632,rs12416812,A,G,0.5088,0.0111,0.0016,6.09958e-12,793338,bmi,TRUE,reported,igd,bmi-mort,48.12890625
ieu-b-40,6,26153335,rs9379827,A,C,0.2409,-0.0132,0.0019,6.89922e-12,795072,bmi,TRUE,reported,igd,bmi-mort,48.2659279778394
ieu-b-40,14,69789755,rs3902951,G,T,0.2455,0.0134,0.002,7.00003e-12,773819,bmi,TRUE,reported,igd,bmi-mort,44.89
ieu-b-40,6,100600097,rs17789218,C,T,0.2392,0.013,0.0019,7.39946e-12,793904,bmi,TRUE,reported,igd,bmi-mort,46.814404432133
ieu-b-40,1,107962328,rs11185111,A,G,0.3042,-0.0129,0.0019,7.70016e-12,686508,bmi,TRUE,reported,igd,bmi-mort,46.0969529085873
ieu-b-40,9,81367391,rs10867256,T,C,0.553,-0.0118,0.0017,8.69961e-12,689493,bmi,TRUE,reported,igd,bmi-mort,48.1799307958478
ieu-b-40,14,88308044,rs12888545,G,A,0.2519,0.0136,0.002,9.09913e-12,688605,bmi,TRUE,reported,igd,bmi-mort,46.24
ieu-b-40,6,13189275,rs9367368,C,T,0.3033,-0.0121,0.0018,1e-11,786723,bmi,TRUE,reported,igd,bmi-mort,45.1882716049383
ieu-b-40,16,82438337,rs12922346,C,G,0.2657,0.0136,0.002,1e-11,679615,bmi,TRUE,reported,igd,bmi-mort,46.24
ieu-b-40,1,209543560,rs17014375,G,T,0.1348,0.0172,0.0025,1.10002e-11,690856,bmi,TRUE,reported,igd,bmi-mort,47.3344
ieu-b-40,7,138794618,rs7811342,C,T,0.1058,-0.0197,0.0029,1.10002e-11,676265,bmi,TRUE,reported,igd,bmi-mort,46.1462544589774
ieu-b-40,6,124925032,rs2875762,C,G,0.2473,0.0139,0.002,1.20005e-11,685199,bmi,TRUE,reported,igd,bmi-mort,48.3025
ieu-b-40,10,133983427,rs7096307,T,C,0.563,-0.0118,0.0017,1.20005e-11,689612,bmi,TRUE,reported,igd,bmi-mort,48.1799307958478
ieu-b-40,11,131955594,rs11533200,A,G,0.2975,-0.0128,0.0019,1.20005e-11,682585,bmi,TRUE,reported,igd,bmi-mort,45.3850415512466
ieu-b-40,11,43939764,rs10838202,G,C,0.4332,-0.0117,0.0017,1.29987e-11,689149,bmi,TRUE,reported,igd,bmi-mort,47.3667820069204
ieu-b-40,15,31843528,rs4284600,C,T,0.4712,0.0118,0.0017,1.29987e-11,682852,bmi,TRUE,reported,igd,bmi-mort,48.1799307958478
ieu-b-40,3,20441050,rs4858193,C,T,0.2779,-0.0129,0.0019,1.59993e-11,686850,bmi,TRUE,reported,igd,bmi-mort,46.0969529085873
ieu-b-40,6,160774459,rs487060,T,C,0.4816,0.011,0.0016,1.59993e-11,789650,bmi,TRUE,reported,igd,bmi-mort,47.265625
ieu-b-40,10,76047464,rs12098284,T,C,0.1241,0.0178,0.0026,1.80011e-11,686167,bmi,TRUE,reported,igd,bmi-mort,46.8698224852071
ieu-b-40,2,41637688,rs10169594,C,T,0.3596,0.0121,0.0018,1.99986e-11,685712,bmi,TRUE,reported,igd,bmi-mort,45.1882716049383
ieu-b-40,6,73922654,rs9688431,C,T,0.06034,-0.0231,0.0035,2.39994e-11,789356,bmi,TRUE,reported,igd,bmi-mort,43.56
ieu-b-40,20,61530915,rs6011457,A,T,0.4975,-0.0116,0.0017,2.70023e-11,690692,bmi,TRUE,reported,igd,bmi-mort,46.560553633218
ieu-b-40,16,56489343,rs12448738,C,A,0.1371,0.0168,0.0025,2.80027e-11,691932,bmi,TRUE,reported,igd,bmi-mort,45.1584
ieu-b-40,20,44914134,rs2425857,G,A,0.5591,-0.0116,0.0017,2.80027e-11,690825,bmi,TRUE,reported,igd,bmi-mort,46.560553633218
ieu-b-40,7,50573325,rs12718572,T,C,0.4024,-0.0117,0.0018,2.99985e-11,686523,bmi,TRUE,reported,igd,bmi-mort,42.25
ieu-b-40,12,19287416,rs11044430,A,T,0.8531,0.0168,0.0025,2.99985e-11,685366,bmi,TRUE,reported,igd,bmi-mort,45.1584
ieu-b-40,7,39448936,rs202240867,T,C,0.3422,-0.0121,0.0018,3.29989e-11,692017,bmi,TRUE,reported,igd,bmi-mort,45.1882716049383
ieu-b-40,12,17141582,rs10772983,T,C,0.5094,-0.0108,0.0016,3.29989e-11,791802,bmi,TRUE,reported,igd,bmi-mort,45.5625
ieu-b-40,4,77096118,rs17001561,A,G,0.1573,0.0151,0.0023,3.80014e-11,794327,bmi,TRUE,reported,igd,bmi-mort,43.1020793950851
ieu-b-40,7,24354300,rs4307239,G,A,0.4578,0.0115,0.0017,3.90032e-11,687289,bmi,TRUE,reported,igd,bmi-mort,45.7612456747405
ieu-b-40,19,34290995,rs287104,A,G,0.6604,0.0115,0.0017,4.40048e-11,787307,bmi,TRUE,reported,igd,bmi-mort,45.7612456747405
ieu-b-40,1,33776728,rs4653017,T,C,0.6818,0.0122,0.0018,4.49987e-11,686378,bmi,TRUE,reported,igd,bmi-mort,45.9382716049383
ieu-b-40,1,98340139,rs17379561,T,A,0.1477,0.016,0.0024,4.49987e-11,691969,bmi,TRUE,reported,igd,bmi-mort,44.4444444444445
ieu-b-40,10,27443012,rs2274636,G,A,0.0801,0.021,0.0032,4.49987e-11,692569,bmi,TRUE,reported,igd,bmi-mort,43.06640625
ieu-b-40,14,40834177,rs872281,T,C,0.1728,-0.0151,0.0023,4.70002e-11,685310,bmi,TRUE,reported,igd,bmi-mort,43.1020793950851
ieu-b-40,16,72189604,rs12933482,G,A,0.1048,0.0186,0.0028,4.90004e-11,691477,bmi,TRUE,reported,igd,bmi-mort,44.1275510204082
ieu-b-40,12,89744826,rs808820,G,A,0.1237,0.0183,0.0028,5.10035e-11,626384,bmi,TRUE,reported,igd,bmi-mort,42.7155612244898
ieu-b-40,1,202106797,rs16849710,G,A,0.515,-0.0116,0.0018,6.00067e-11,666229,bmi,TRUE,reported,igd,bmi-mort,41.5308641975309
ieu-b-40,9,87293457,rs1187352,C,T,0.6518,0.0119,0.0018,6.00067e-11,688522,bmi,TRUE,reported,igd,bmi-mort,43.7067901234568
ieu-b-40,9,27800007,rs10968114,C,A,0.4681,-0.0113,0.0017,6.09958e-11,686025,bmi,TRUE,reported,igd,bmi-mort,44.1833910034602
ieu-b-40,4,180167906,rs7683836,A,G,0.5405,-0.0114,0.0017,6.29941e-11,686968,bmi,TRUE,reported,igd,bmi-mort,44.9688581314879
ieu-b-40,5,50591460,rs7704281,A,G,0.04531,0.0271,0.0041,6.4998e-11,788585,bmi,TRUE,reported,igd,bmi-mort,43.6888756692445
ieu-b-40,5,105876806,rs11739877,T,C,0.6118,0.0117,0.0018,6.59933e-11,692540,bmi,TRUE,reported,igd,bmi-mort,42.25
ieu-b-40,8,20639811,rs4366093,C,T,0.6798,0.0121,0.0018,6.70039e-11,688025,bmi,TRUE,reported,igd,bmi-mort,45.1882716049383
ieu-b-40,8,67194171,rs12334877,A,G,0.198,-0.0144,0.0022,7.70016e-11,683820,bmi,TRUE,reported,igd,bmi-mort,42.8429752066116
ieu-b-40,3,194851700,rs1552893,G,A,0.2777,-0.0126,0.0019,8.10028e-11,691313,bmi,TRUE,reported,igd,bmi-mort,43.9778393351801
ieu-b-40,12,121714935,rs11615578,T,C,0.2474,0.013,0.002,8.10028e-11,669422,bmi,TRUE,reported,igd,bmi-mort,42.25
ieu-b-40,17,35056470,rs11650542,T,C,0.6949,0.0123,0.0019,8.60003e-11,691963,bmi,TRUE,reported,igd,bmi-mort,41.9085872576177
ieu-b-40,2,81816251,rs1371108,A,C,0.3247,0.0119,0.0018,8.99912e-11,684620,bmi,TRUE,reported,igd,bmi-mort,43.7067901234568
ieu-b-40,8,89408196,rs2174367,T,G,0.3136,-0.0121,0.0019,9.30037e-11,684335,bmi,TRUE,reported,igd,bmi-mort,40.5567867036011
ieu-b-40,19,51774192,rs12608738,G,A,0.2699,-0.0125,0.0019,9.60064e-11,691315,bmi,TRUE,reported,igd,bmi-mort,43.2825484764543
ieu-b-40,14,101146413,rs12881629,G,A,0.07946,0.0212,0.0033,1e-10,676744,bmi,TRUE,reported,igd,bmi-mort,41.2708907254362
ieu-b-40,6,90296588,rs9362662,G,A,0.5201,-0.0112,0.0017,1.2e-10,683953,bmi,TRUE,reported,igd,bmi-mort,43.4048442906574
ieu-b-40,10,118648043,rs879255,A,C,0.1943,0.0142,0.0022,1.29999e-10,691474,bmi,TRUE,reported,igd,bmi-mort,41.6611570247934
ieu-b-40,3,196088464,rs6764533,A,G,0.359,0.0116,0.0018,1.40001e-10,690832,bmi,TRUE,reported,igd,bmi-mort,41.5308641975309
ieu-b-40,8,143383694,rs10099330,G,A,0.4436,0.0112,0.0017,1.40001e-10,684190,bmi,TRUE,reported,igd,bmi-mort,43.4048442906574
ieu-b-40,15,99521883,rs12905439,G,C,0.3393,-0.0118,0.0018,1.40001e-10,675205,bmi,TRUE,reported,igd,bmi-mort,42.9753086419753
ieu-b-40,1,32125943,rs10914462,G,A,0.4255,-0.0112,0.0017,1.5e-10,689808,bmi,TRUE,reported,igd,bmi-mort,43.4048442906574
ieu-b-40,15,53525415,rs10163018,T,C,0.3748,-0.0114,0.0018,1.5e-10,689715,bmi,TRUE,reported,igd,bmi-mort,40.1111111111111
ieu-b-40,2,219652286,rs7594289,G,A,0.4292,0.0111,0.0017,1.6e-10,686852,bmi,TRUE,reported,igd,bmi-mort,42.6332179930796
ieu-b-40,15,47659664,rs7163407,C,T,0.1134,-0.0181,0.0028,1.79999e-10,690917,bmi,TRUE,reported,igd,bmi-mort,41.7869897959184
ieu-b-40,18,58222141,rs10871781,G,A,0.4284,-0.0111,0.0017,1.79999e-10,689915,bmi,TRUE,reported,igd,bmi-mort,42.6332179930796
ieu-b-40,20,17102860,rs852056,C,T,0.7584,-0.0128,0.002,1.79999e-10,691874,bmi,TRUE,reported,igd,bmi-mort,40.96
ieu-b-40,2,142293146,rs17551974,A,C,0.1782,-0.0141,0.0022,1.89998e-10,691115,bmi,TRUE,reported,igd,bmi-mort,41.0764462809917
ieu-b-40,4,96091524,rs2241743,A,G,0.571,-0.0105,0.0016,2e-10,794663,bmi,TRUE,reported,igd,bmi-mort,43.06640625
ieu-b-40,14,73143457,rs768840,A,G,0.4183,0.0114,0.0018,2e-10,677485,bmi,TRUE,reported,igd,bmi-mort,40.1111111111111
ieu-b-40,18,52586691,rs8090983,G,A,0.3314,0.0118,0.0018,2e-10,682470,bmi,TRUE,reported,igd,bmi-mort,42.9753086419753
ieu-b-40,7,77417584,rs1544459,C,T,0.4536,0.0103,0.0016,2.19999e-10,795359,bmi,TRUE,reported,igd,bmi-mort,41.44140625
ieu-b-40,13,99120484,rs7334078,C,T,0.2882,-0.0121,0.0019,2.19999e-10,688374,bmi,TRUE,reported,igd,bmi-mort,40.5567867036011
ieu-b-40,21,42629895,rs4818225,G,A,0.6606,0.0117,0.0018,2.30001e-10,688274,bmi,TRUE,reported,igd,bmi-mort,42.25
ieu-b-40,11,64111928,rs685870,C,T,0.7035,0.012,0.0019,2.39999e-10,688423,bmi,TRUE,reported,igd,bmi-mort,39.8891966759003
ieu-b-40,11,93221105,rs2605603,A,G,0.4887,-0.0103,0.0016,2.5e-10,790857,bmi,TRUE,reported,igd,bmi-mort,41.44140625
ieu-b-40,12,2152655,rs2429150,C,A,0.4164,0.0111,0.0018,2.69998e-10,686276,bmi,TRUE,reported,igd,bmi-mort,38.0277777777778
ieu-b-40,15,36402716,rs8036040,A,C,0.4932,0.0109,0.0017,2.69998e-10,691068,bmi,TRUE,reported,igd,bmi-mort,41.1107266435986
ieu-b-40,22,48875699,rs9615905,T,C,0.45,0.011,0.0017,2.69998e-10,690274,bmi,TRUE,reported,igd,bmi-mort,41.8685121107267
ieu-b-40,12,39428802,rs10876418,T,C,0.2325,-0.0123,0.0019,2.80001e-10,787067,bmi,TRUE,reported,igd,bmi-mort,41.9085872576177
ieu-b-40,8,118895712,rs17450772,C,T,0.1125,0.0189,0.003,2.90001e-10,525306,bmi,TRUE,reported,igd,bmi-mort,39.69
ieu-b-40,4,143675717,rs331966,C,A,0.3792,0.0112,0.0018,3.2e-10,687189,bmi,TRUE,reported,igd,bmi-mort,38.7160493827161
ieu-b-40,17,42304644,rs7222349,A,G,0.3441,0.0115,0.0018,3.29997e-10,692215,bmi,TRUE,reported,igd,bmi-mort,40.8179012345679
ieu-b-40,6,20482335,rs3806114,A,G,0.6773,-0.0113,0.0018,3.40001e-10,778855,bmi,TRUE,reported,igd,bmi-mort,39.4104938271605
ieu-b-40,9,6942940,rs7037266,A,C,0.3739,-0.0112,0.0018,3.50002e-10,691603,bmi,TRUE,reported,igd,bmi-mort,38.7160493827161
ieu-b-40,7,3125220,rs4722398,T,C,0.1336,0.0158,0.0025,3.59998e-10,692509,bmi,TRUE,reported,igd,bmi-mort,39.9424
ieu-b-40,2,27730940,rs1260326,C,T,0.5973,0.0105,0.0017,3.89996e-10,784462,bmi,TRUE,reported,igd,bmi-mort,38.1487889273357
ieu-b-40,5,176527577,rs6556301,T,G,0.3596,-0.0111,0.0018,4.09996e-10,734744,bmi,TRUE,reported,igd,bmi-mort,38.0277777777778
ieu-b-40,3,116935127,rs9817840,A,C,0.1826,-0.014,0.0022,4.30002e-10,688980,bmi,TRUE,reported,igd,bmi-mort,40.495867768595
ieu-b-40,4,52926216,rs711347,A,T,0.7489,-0.0122,0.0019,4.49997e-10,688432,bmi,TRUE,reported,igd,bmi-mort,41.2299168975069
ieu-b-40,1,219633869,rs11118308,G,A,0.4703,-0.0101,0.0016,4.79999e-10,794625,bmi,TRUE,reported,igd,bmi-mort,39.84765625
ieu-b-40,11,17411821,rs2074314,T,C,0.6427,0.0109,0.0018,4.79999e-10,734824,bmi,TRUE,reported,igd,bmi-mort,36.6697530864198
ieu-b-40,11,76473138,rs1465900,C,A,0.2188,-0.0125,0.002,4.79999e-10,779748,bmi,TRUE,reported,igd,bmi-mort,39.0625
ieu-b-40,8,32400115,rs7826312,C,T,0.5879,0.0104,0.0017,4.90004e-10,785343,bmi,TRUE,reported,igd,bmi-mort,37.4256055363322
ieu-b-40,7,137403432,rs3800637,C,T,0.336,0.0115,0.0018,5.1e-10,682001,bmi,TRUE,reported,igd,bmi-mort,40.8179012345679
ieu-b-40,3,12955982,rs2596902,A,G,0.659,-0.0115,0.0018,5.19996e-10,685317,bmi,TRUE,reported,igd,bmi-mort,40.8179012345679
ieu-b-40,3,183997735,rs865809,G,A,0.7678,-0.0127,0.002,5.39995e-10,689186,bmi,TRUE,reported,igd,bmi-mort,40.3225
ieu-b-40,3,156299313,rs7615297,G,C,0.1465,-0.0149,0.0024,5.69994e-10,689710,bmi,TRUE,reported,igd,bmi-mort,38.5434027777778
ieu-b-40,7,70062260,rs20324,G,A,0.5345,-0.0109,0.0018,5.99998e-10,678567,bmi,TRUE,reported,igd,bmi-mort,36.6697530864198
ieu-b-40,16,6709509,rs7192057,C,T,0.7458,0.0121,0.0019,5.99998e-10,691633,bmi,TRUE,reported,igd,bmi-mort,40.5567867036011
ieu-b-40,6,104842841,rs156198,C,T,0.7608,0.0123,0.002,6.1e-10,690905,bmi,TRUE,reported,igd,bmi-mort,37.8225
ieu-b-40,9,33804813,rs10971709,T,C,0.2062,0.0132,0.0021,6.19998e-10,688312,bmi,TRUE,reported,igd,bmi-mort,39.5102040816327
ieu-b-40,3,13345450,rs580438,T,C,0.3319,0.0114,0.0018,6.49995e-10,684407,bmi,TRUE,reported,igd,bmi-mort,40.1111111111111
ieu-b-40,13,67378152,rs9317615,T,C,0.5665,0.0108,0.0017,6.69993e-10,691310,bmi,TRUE,reported,igd,bmi-mort,40.3598615916955
ieu-b-40,9,92119579,rs13287131,C,T,0.2491,0.0123,0.002,6.80002e-10,683808,bmi,TRUE,reported,igd,bmi-mort,37.8225
ieu-b-40,10,2585792,rs11251352,G,A,0.5988,0.0109,0.0018,7.00003e-10,690804,bmi,TRUE,reported,igd,bmi-mort,36.6697530864198
ieu-b-40,11,112912947,rs2155645,T,C,0.2608,-0.0116,0.0019,7.10003e-10,789736,bmi,TRUE,reported,igd,bmi-mort,37.2742382271468
ieu-b-40,12,90584821,rs7978615,C,A,0.669,-0.0115,0.0019,7.10003e-10,682168,bmi,TRUE,reported,igd,bmi-mort,36.6343490304709
ieu-b-40,16,20211422,rs11644598,T,C,0.8029,0.0136,0.0022,7.69999e-10,688794,bmi,TRUE,reported,igd,bmi-mort,38.2148760330578
ieu-b-40,6,130384187,rs9375702,T,C,0.705,-0.0115,0.0019,7.90005e-10,690564,bmi,TRUE,reported,igd,bmi-mort,36.6343490304709
ieu-b-40,17,61616959,rs4968656,G,A,0.3216,0.0116,0.0019,8.19993e-10,675153,bmi,TRUE,reported,igd,bmi-mort,37.2742382271468
ieu-b-40,3,35443653,rs17033117,T,C,0.1872,0.0137,0.0022,8.9e-10,691863,bmi,TRUE,reported,igd,bmi-mort,38.7789256198347
ieu-b-40,5,27185904,rs4518345,A,G,0.2842,-0.0117,0.0019,1e-09,688609,bmi,TRUE,reported,igd,bmi-mort,37.9196675900277
ieu-b-40,15,58877563,rs12437457,T,C,0.1291,0.0155,0.0025,1e-09,688052,bmi,TRUE,reported,igd,bmi-mort,38.44
ieu-b-40,11,28742220,rs491711,C,A,0.316,-0.0115,0.0019,1.09999e-09,685113,bmi,TRUE,reported,igd,bmi-mort,36.6343490304709
ieu-b-40,12,60953472,rs11173522,A,C,0.2078,0.0128,0.0021,1.09999e-09,691593,bmi,TRUE,reported,igd,bmi-mort,37.1519274376417
ieu-b-40,15,98282615,rs12439829,A,T,0.3857,-0.0109,0.0018,1.09999e-09,687407,bmi,TRUE,reported,igd,bmi-mort,36.6697530864198
ieu-b-40,1,225668524,rs10915840,A,G,0.283,-0.0118,0.0019,1.29999e-09,684857,bmi,TRUE,reported,igd,bmi-mort,38.5706371191136
ieu-b-40,21,40631006,rs2836964,C,T,0.3576,-0.011,0.0018,1.29999e-09,692353,bmi,TRUE,reported,igd,bmi-mort,37.3456790123457
ieu-b-40,1,17306675,rs2284746,G,C,0.5238,-0.0104,0.0017,1.40001e-09,692206,bmi,TRUE,reported,igd,bmi-mort,37.4256055363322
ieu-b-40,2,172530707,rs12998411,C,G,0.5808,0.0106,0.0017,1.40001e-09,688221,bmi,TRUE,reported,igd,bmi-mort,38.878892733564
ieu-b-40,7,6718674,rs1830074,C,T,0.288,0.0115,0.0019,1.40001e-09,689911,bmi,TRUE,reported,igd,bmi-mort,36.6343490304709
ieu-b-40,2,207148344,rs12694050,C,T,0.6131,0.0107,0.0018,1.5e-09,691146,bmi,TRUE,reported,igd,bmi-mort,35.3364197530864
ieu-b-40,7,147668180,rs11773362,T,C,0.3369,-0.0111,0.0018,1.5e-09,690588,bmi,TRUE,reported,igd,bmi-mort,38.0277777777778
ieu-b-40,3,66427259,rs7626079,T,C,0.3434,0.011,0.0018,1.6e-09,692571,bmi,TRUE,reported,igd,bmi-mort,37.3456790123457
ieu-b-40,8,34422967,rs4320543,A,G,0.3967,-0.0107,0.0018,1.6e-09,689271,bmi,TRUE,reported,igd,bmi-mort,35.3364197530864
ieu-b-40,9,23200766,rs10811871,G,A,0.3829,-0.0108,0.0018,1.6e-09,686376,bmi,TRUE,reported,igd,bmi-mort,36
ieu-b-40,6,126041164,rs1268070,T,C,0.4791,-0.0104,0.0017,1.7e-09,682113,bmi,TRUE,reported,igd,bmi-mort,37.4256055363322
ieu-b-40,7,114590228,rs10247983,A,G,0.9213,0.0201,0.0033,1.7e-09,672411,bmi,TRUE,reported,igd,bmi-mort,37.099173553719
ieu-b-40,6,70357368,rs7761673,A,T,0.2058,-0.0126,0.0021,1.89998e-09,691716,bmi,TRUE,reported,igd,bmi-mort,36
ieu-b-40,16,62858858,rs2962447,A,G,0.5349,-0.0104,0.0017,2.1e-09,681720,bmi,TRUE,reported,igd,bmi-mort,37.4256055363322
ieu-b-40,17,55336155,rs8071182,A,G,0.1735,0.0133,0.0022,2.1e-09,771437,bmi,TRUE,reported,igd,bmi-mort,36.547520661157
ieu-b-40,2,113955074,rs902695,A,G,0.4798,-0.0103,0.0017,2.19999e-09,678635,bmi,TRUE,reported,igd,bmi-mort,36.7093425605536
ieu-b-40,3,119571541,rs4624596,C,T,0.1851,-0.0136,0.0023,2.19999e-09,691079,bmi,TRUE,reported,igd,bmi-mort,34.9640831758034
ieu-b-40,13,65884191,rs892261,C,T,0.5571,0.0103,0.0017,2.19999e-09,691303,bmi,TRUE,reported,igd,bmi-mort,36.7093425605536
ieu-b-40,8,132878676,rs7843948,C,G,0.1131,0.0162,0.0027,2.30001e-09,692180,bmi,TRUE,reported,igd,bmi-mort,36
ieu-b-40,20,2815715,rs4813619,T,G,0.5101,-0.0108,0.0018,2.30001e-09,622760,bmi,TRUE,reported,igd,bmi-mort,36
ieu-b-40,1,7728391,rs1891216,G,T,0.3759,0.0107,0.0018,2.39999e-09,685079,bmi,TRUE,reported,igd,bmi-mort,35.3364197530864
ieu-b-40,5,60838903,rs17424296,A,G,0.3659,-0.0108,0.0018,2.39999e-09,684366,bmi,TRUE,reported,igd,bmi-mort,36
ieu-b-40,5,158271680,rs17056301,C,T,0.2636,0.0118,0.002,2.39999e-09,688085,bmi,TRUE,reported,igd,bmi-mort,34.81
ieu-b-40,9,122645957,rs10984752,A,G,0.1063,0.0169,0.0028,2.5e-09,679227,bmi,TRUE,reported,igd,bmi-mort,36.4298469387755
ieu-b-40,11,78040259,rs7117238,A,G,0.168,-0.0131,0.0022,2.5e-09,788879,bmi,TRUE,reported,igd,bmi-mort,35.4566115702479
ieu-b-40,15,27040082,rs4906908,G,T,0.5253,0.0103,0.0017,2.5e-09,691345,bmi,TRUE,reported,igd,bmi-mort,36.7093425605536
ieu-b-40,18,22461398,rs4800191,C,G,0.6369,0.0103,0.0017,2.5e-09,785353,bmi,TRUE,reported,igd,bmi-mort,36.7093425605536
ieu-b-40,1,167280354,rs10733051,G,A,0.4802,-0.0097,0.0016,2.90001e-09,781928,bmi,TRUE,reported,igd,bmi-mort,36.75390625
ieu-b-40,2,236848488,rs7568228,C,G,0.5309,-0.0102,0.0017,2.90001e-09,685412,bmi,TRUE,reported,igd,bmi-mort,36
ieu-b-40,3,180441172,rs13069244,A,G,0.07747,0.0187,0.0032,2.99999e-09,791327,bmi,TRUE,reported,igd,bmi-mort,34.1494140625
ieu-b-40,13,40762556,rs17446299,G,C,0.1631,0.0138,0.0023,2.99999e-09,688294,bmi,TRUE,reported,igd,bmi-mort,36
ieu-b-40,2,159519368,rs3764835,A,G,0.1528,-0.0141,0.0024,3.09999e-09,689505,bmi,TRUE,reported,igd,bmi-mort,34.515625
ieu-b-40,7,126721231,rs2283093,T,C,0.2066,0.0127,0.0021,3.09999e-09,691773,bmi,TRUE,reported,igd,bmi-mort,36.5736961451247
ieu-b-40,10,53679060,rs1937683,T,C,0.6699,0.0109,0.0018,3.2e-09,692539,bmi,TRUE,reported,igd,bmi-mort,36.6697530864198
ieu-b-40,22,18220831,rs11538,G,A,0.1805,0.0135,0.0023,3.29997e-09,692349,bmi,TRUE,reported,igd,bmi-mort,34.4517958412098
ieu-b-40,22,32182708,rs138289,T,A,0.4829,-0.0103,0.0017,3.29997e-09,687258,bmi,TRUE,reported,igd,bmi-mort,36.7093425605536
ieu-b-40,2,137433902,rs1374111,A,G,0.6804,0.0103,0.0017,3.40001e-09,792788,bmi,TRUE,reported,igd,bmi-mort,36.7093425605536
ieu-b-40,5,73149525,rs2973565,G,A,0.2799,-0.0111,0.0019,3.79997e-09,692185,bmi,TRUE,reported,igd,bmi-mort,34.1301939058172
ieu-b-40,14,63094407,rs4430672,C,T,0.8004,-0.0127,0.0022,3.89996e-09,691400,bmi,TRUE,reported,igd,bmi-mort,33.3243801652893
ieu-b-40,5,152519088,rs294704,T,G,0.7239,-0.0113,0.0019,4e-09,690036,bmi,TRUE,reported,igd,bmi-mort,35.3711911357341
ieu-b-40,20,1410582,rs1884389,T,C,0.4289,-0.0103,0.0017,4e-09,683669,bmi,TRUE,reported,igd,bmi-mort,36.7093425605536
ieu-b-40,1,57874879,rs17425707,C,T,0.1003,0.0167,0.0028,4.39997e-09,688867,bmi,TRUE,reported,igd,bmi-mort,35.5727040816327
ieu-b-40,4,95026494,rs3857068,G,C,0.4654,-0.0101,0.0017,4.70002e-09,692497,bmi,TRUE,reported,igd,bmi-mort,35.2975778546713
ieu-b-40,20,49781718,rs2143624,A,G,0.3682,0.0098,0.0017,4.79999e-09,793865,bmi,TRUE,reported,igd,bmi-mort,33.2318339100346
ieu-b-40,3,161446055,rs1476322,A,G,0.569,0.0101,0.0017,5e-09,692523,bmi,TRUE,reported,igd,bmi-mort,35.2975778546713
ieu-b-40,6,31080718,rs4495304,C,T,0.067,-0.0194,0.0033,5e-09,774211,bmi,TRUE,reported,igd,bmi-mort,34.5601469237833
ieu-b-40,11,133221987,rs10894670,A,C,0.546,-0.0096,0.0016,5e-09,787939,bmi,TRUE,reported,igd,bmi-mort,36
ieu-b-40,9,10371073,rs1535660,C,T,0.8554,-0.0147,0.0025,5.19996e-09,690624,bmi,TRUE,reported,igd,bmi-mort,34.5744
ieu-b-40,22,20116015,rs175165,G,T,0.3941,-0.0103,0.0018,5.19996e-09,690545,bmi,TRUE,reported,igd,bmi-mort,32.7438271604938
ieu-b-40,6,73738661,rs947612,A,G,0.7516,-0.0116,0.002,5.60003e-09,692596,bmi,TRUE,reported,igd,bmi-mort,33.64
ieu-b-40,21,30690558,rs2832283,A,G,0.2208,0.0115,0.002,5.80003e-09,792324,bmi,TRUE,reported,igd,bmi-mort,33.0625
ieu-b-40,1,115256669,rs969273,A,G,0.6384,-0.0104,0.0018,5.89997e-09,692442,bmi,TRUE,reported,igd,bmi-mort,33.3827160493827
ieu-b-40,9,129390800,rs3829849,T,C,0.3589,0.0098,0.0017,5.89997e-09,793851,bmi,TRUE,reported,igd,bmi-mort,33.2318339100346
ieu-b-40,5,167595121,rs17663412,A,C,0.1139,0.0157,0.0027,6.1e-09,691018,bmi,TRUE,reported,igd,bmi-mort,33.8120713305898
ieu-b-40,11,122765667,rs3134438,A,C,0.2855,0.0113,0.0019,6.1e-09,685121,bmi,TRUE,reported,igd,bmi-mort,35.3711911357341
ieu-b-40,6,56810539,rs1020548,A,G,0.8344,-0.0132,0.0023,6.59994e-09,688748,bmi,TRUE,reported,igd,bmi-mort,32.937618147448
ieu-b-40,17,79085335,rs3935648,G,C,0.2328,-0.0125,0.0022,6.80002e-09,629303,bmi,TRUE,reported,igd,bmi-mort,32.2830578512397
ieu-b-40,11,131453912,rs1040101,G,T,0.5664,0.0101,0.0017,7.29995e-09,682604,bmi,TRUE,reported,igd,bmi-mort,35.2975778546713
ieu-b-40,15,47142090,rs12899905,T,C,0.281,-0.0106,0.0018,8.19993e-09,779361,bmi,TRUE,reported,igd,bmi-mort,34.679012345679
ieu-b-40,4,115124089,rs7694732,G,A,0.4378,-0.0099,0.0017,8.70001e-09,690622,bmi,TRUE,reported,igd,bmi-mort,33.9134948096886
ieu-b-40,13,85903717,rs9547153,G,A,0.3839,0.0098,0.0017,8.70001e-09,775400,bmi,TRUE,reported,igd,bmi-mort,33.2318339100346
ieu-b-40,1,34581472,rs705217,G,T,0.3652,-0.0102,0.0018,9.29994e-09,688609,bmi,TRUE,reported,igd,bmi-mort,32.1111111111111
ieu-b-40,2,157607055,rs1462496,A,T,0.3882,0.0105,0.0018,9.29994e-09,629880,bmi,TRUE,reported,igd,bmi-mort,34.0277777777778
ieu-b-40,22,38205989,rs2285178,C,T,0.3109,0.0112,0.0019,9.40005e-09,638268,bmi,TRUE,reported,igd,bmi-mort,34.7479224376731
ieu-b-40,13,98233515,rs1854225,G,T,0.6931,-0.0106,0.0018,9.80009e-09,691527,bmi,TRUE,reported,igd,bmi-mort,34.679012345679
ieu-b-40,4,55221467,rs1492767,T,C,0.4957,0.0094,0.0016,1e-08,794161,bmi,TRUE,reported,igd,bmi-mort,34.515625
ieu-b-40,4,80712000,rs13147390,C,T,0.3569,0.0103,0.0018,1e-08,681032,bmi,TRUE,reported,igd,bmi-mort,32.7438271604938
ieu-b-40,6,153395344,rs1538247,C,T,0.3181,0.0108,0.0019,1e-08,682726,bmi,TRUE,reported,igd,bmi-mort,32.3102493074792
ieu-b-40,5,112444660,rs12517185,G,C,0.4336,0.01,0.0017,1.09999e-08,679313,bmi,TRUE,reported,igd,bmi-mort,34.6020761245675
ieu-b-40,18,6873954,rs1241986,A,G,0.8479,-0.0139,0.0024,1.09999e-08,687757,bmi,TRUE,reported,igd,bmi-mort,33.5434027777778
ieu-b-40,6,5983776,rs6597173,T,C,0.6697,0.0105,0.0018,1.2e-08,692361,bmi,TRUE,reported,igd,bmi-mort,34.0277777777778
ieu-b-40,9,118664402,rs9408882,A,G,0.4594,-0.0093,0.0016,1.29999e-08,794283,bmi,TRUE,reported,igd,bmi-mort,33.78515625
ieu-b-40,10,84279949,rs999889,A,G,0.2818,-0.0108,0.0019,1.40001e-08,690572,bmi,TRUE,reported,igd,bmi-mort,32.3102493074792
ieu-b-40,15,78146382,rs7164558,G,A,0.5893,-0.0102,0.0018,1.40001e-08,681211,bmi,TRUE,reported,igd,bmi-mort,32.1111111111111
ieu-b-40,20,47410937,rs11700187,A,G,0.234,-0.0116,0.002,1.40001e-08,688950,bmi,TRUE,reported,igd,bmi-mort,33.64
ieu-b-40,2,29100642,rs4358081,C,A,0.4631,0.0097,0.0017,1.5e-08,690038,bmi,TRUE,reported,igd,bmi-mort,32.5570934256055
ieu-b-40,16,27990351,rs7206395,A,G,0.1984,0.0123,0.0022,1.5e-08,687108,bmi,TRUE,reported,igd,bmi-mort,31.2582644628099
ieu-b-40,3,158285280,rs1656377,C,T,0.5885,0.0099,0.0017,1.6e-08,691955,bmi,TRUE,reported,igd,bmi-mort,33.9134948096886
ieu-b-40,5,164600151,rs189843,C,G,0.5557,-0.0098,0.0017,1.7e-08,685314,bmi,TRUE,reported,igd,bmi-mort,33.2318339100346
ieu-b-40,6,46412177,rs947137,C,T,0.5426,0.0098,0.0017,1.7e-08,690409,bmi,TRUE,reported,igd,bmi-mort,33.2318339100346
ieu-b-40,1,154989595,rs6673081,C,T,0.5534,-0.01,0.0018,1.79999e-08,677818,bmi,TRUE,reported,igd,bmi-mort,30.8641975308642
ieu-b-40,2,175079125,rs12328930,C,T,0.4235,0.0098,0.0017,1.79999e-08,690521,bmi,TRUE,reported,igd,bmi-mort,33.2318339100346
ieu-b-40,7,39077397,rs10248136,T,C,0.5142,-0.0097,0.0017,2e-08,686892,bmi,TRUE,reported,igd,bmi-mort,32.5570934256055
ieu-b-40,6,142703483,rs6922607,G,A,0.1963,0.0123,0.0022,2.1e-08,680256,bmi,TRUE,reported,igd,bmi-mort,31.2582644628099
ieu-b-40,11,56911242,rs7119801,G,A,0.186,-0.0125,0.0022,2.19999e-08,690973,bmi,TRUE,reported,igd,bmi-mort,32.2830578512397
ieu-b-40,14,40133821,rs7148846,G,T,0.1896,0.0124,0.0022,2.19999e-08,687940,bmi,TRUE,reported,igd,bmi-mort,31.7685950413223
ieu-b-40,8,106368050,rs1021066,G,T,0.5237,0.0096,0.0017,2.5e-08,690198,bmi,TRUE,reported,igd,bmi-mort,31.8892733564014
ieu-b-40,5,108668954,rs2435061,T,C,0.4121,-0.0097,0.0017,2.59998e-08,691891,bmi,TRUE,reported,igd,bmi-mort,32.5570934256055
ieu-b-40,9,137989785,rs10858334,G,C,0.1415,0.0143,0.0026,2.69998e-08,672640,bmi,TRUE,reported,igd,bmi-mort,30.25
ieu-b-40,1,243557659,rs10927006,C,T,0.149,-0.0136,0.0024,2.80001e-08,683551,bmi,TRUE,reported,igd,bmi-mort,32.1111111111111
ieu-b-40,20,12430673,rs2423668,C,T,0.5505,-0.0105,0.0019,2.80001e-08,527352,bmi,TRUE,reported,igd,bmi-mort,30.5401662049862
ieu-b-40,5,137671058,rs3756761,A,G,0.1803,0.0125,0.0022,2.90001e-08,692267,bmi,TRUE,reported,igd,bmi-mort,32.2830578512397
ieu-b-40,4,146056320,rs1804528,A,G,0.3507,0.0109,0.002,2.99999e-08,518856,bmi,TRUE,reported,igd,bmi-mort,29.7025
ieu-b-40,15,61436282,rs12904761,C,T,0.7768,-0.0118,0.0021,3.09999e-08,691711,bmi,TRUE,reported,igd,bmi-mort,31.5736961451247
ieu-b-40,11,97831073,rs7933205,G,A,0.7885,0.0116,0.0021,3.2e-08,692432,bmi,TRUE,reported,igd,bmi-mort,30.5124716553288
ieu-b-40,5,172914939,rs806600,G,A,0.475,-0.0095,0.0017,3.29997e-08,691791,bmi,TRUE,reported,igd,bmi-mort,31.2283737024222
ieu-b-40,18,42534584,rs9783858,T,C,0.5191,0.0091,0.0017,3.29997e-08,770874,bmi,TRUE,reported,igd,bmi-mort,28.6539792387543
ieu-b-40,19,30618771,rs1982725,T,C,0.4778,0.0097,0.0017,3.29997e-08,683155,bmi,TRUE,reported,igd,bmi-mort,32.5570934256055
ieu-b-40,1,82371167,rs438327,T,C,0.5311,-0.0095,0.0017,3.50002e-08,692502,bmi,TRUE,reported,igd,bmi-mort,31.2283737024222
ieu-b-40,11,133658168,rs12795042,C,A,0.6234,0.0102,0.0019,3.50002e-08,669122,bmi,TRUE,reported,igd,bmi-mort,28.819944598338
ieu-b-40,9,101491066,rs380857,A,C,0.8878,-0.0151,0.0027,3.59998e-08,691507,bmi,TRUE,reported,igd,bmi-mort,31.2770919067215
ieu-b-40,14,30488699,rs226000,T,C,0.8245,0.0119,0.0022,3.59998e-08,793480,bmi,TRUE,reported,igd,bmi-mort,29.2582644628099
ieu-b-40,2,182584021,rs11904490,A,C,0.3911,-0.0099,0.0018,3.69999e-08,679650,bmi,TRUE,reported,igd,bmi-mort,30.25
ieu-b-40,5,77631634,rs4588572,G,A,0.2332,0.0113,0.002,3.69999e-08,690571,bmi,TRUE,reported,igd,bmi-mort,31.9225
ieu-b-40,8,93200648,rs4145734,G,C,0.1563,-0.0129,0.0024,3.89996e-08,690160,bmi,TRUE,reported,igd,bmi-mort,28.890625
ieu-b-40,3,182312152,rs6772756,G,A,0.3372,-0.0104,0.0019,4e-08,681709,bmi,TRUE,reported,igd,bmi-mort,29.9612188365651
ieu-b-40,12,123425575,rs4148866,T,C,0.4068,0.0098,0.0018,4e-08,676418,bmi,TRUE,reported,igd,bmi-mort,29.641975308642
ieu-b-40,22,50637922,rs6712,C,G,0.1368,0.0138,0.0025,4.39997e-08,688469,bmi,TRUE,reported,igd,bmi-mort,30.4704
ieu-b-40,10,12943973,rs12779328,T,C,0.2833,0.0105,0.0019,4.49997e-08,690736,bmi,TRUE,reported,igd,bmi-mort,30.5401662049862
ieu-b-40,2,16613889,rs934224,T,C,0.7399,0.0107,0.002,4.70002e-08,692568,bmi,TRUE,reported,igd,bmi-mort,28.6225
ieu-b-40,16,73595718,rs825688,T,C,0.456,-0.0095,0.0017,4.70002e-08,686144,bmi,TRUE,reported,igd,bmi-mort,31.2283737024222
