case,spec_id,dv,treatment,controls,fe,sample,waves_or_lag,branch,n,beta,se,p,ci_lo,ci_hi,is_focal_broad,is_focal_narrow
D_alcohol,1,satlife,drinkl,minimal,within_person,all,CHARLS_2011_2020,sweet,85957,0.0182705981862634,0.0089575338762784,0.0413811457491475,0.0007141543984602,0.0358270419740666,False,False
D_alcohol,2,satlife,drinkl,minimal,cross_sectional,all,CHARLS_2011_2020,sweet,85957,0.0345102813282722,0.0067618118734858,3.330703994368686e-07,0.0212573735860047,0.0477631890705397,False,False
D_alcohol,3,satlife,drinkl,baseline,within_person,all,CHARLS_2011_2020,sweet,85757,0.0221123936803353,0.0089151377159673,0.0131264549179575,0.0046390448398246,0.0395857425208461,False,False
D_alcohol,4,satlife,drinkl,baseline,cross_sectional,all,CHARLS_2011_2020,sweet,85757,0.0262552275916789,0.0074156438979227,0.000399340988083,0.011720832629576,0.0407896225537818,False,False
D_alcohol,5,satlife,drinkl,full,within_person,all,CHARLS_2011_2020,sweet,52433,0.0240736087899111,0.0128056153450498,0.0601181685897648,-0.0010249360862599,0.0491721536660823,False,False
D_alcohol,6,satlife,drinkl,full,cross_sectional,all,CHARLS_2011_2020,sweet,52433,0.0305795905631323,0.0090292486544326,0.0007073200934845,0.0128825883929875,0.0482765927332771,False,False
D_alcohol,7,satlife,drinkl,minimal,within_person,current_drinkers,CHARLS_2011_2020,sweet,29984,0.0,0.0,,0.0,0.0,False,False
D_alcohol,9,satlife,drinkl,baseline,within_person,current_drinkers,CHARLS_2011_2020,sweet,29923,2.5514564879863235e-16,1.153278427392433e-16,0.026942433392364,2.9107230615016225e-17,4.811840669822484e-16,False,False
D_alcohol,11,satlife,drinkl,full,within_person,current_drinkers,CHARLS_2011_2020,sweet,17579,-1.0987625499154402e-17,5.823158740458844e-17,0.8503370377803031,-1.2511943957474395e-16,1.0314418857643518e-16,False,False
D_alcohol,13,satlife,drinkl,minimal,within_person,age_lt65,CHARLS_2011_2020,sweet,57186,0.0225516581664267,0.0111856727040712,0.043787431838874,0.0006281425235943,0.0444751738092592,False,False
D_alcohol,14,satlife,drinkl,minimal,cross_sectional,age_lt65,CHARLS_2011_2020,sweet,57186,0.0453562190585964,0.0080712125642358,1.9150537881227583e-08,0.029536933121127,0.0611755049960657,False,False
D_alcohol,15,satlife,drinkl,baseline,within_person,age_lt65,CHARLS_2011_2020,sweet,57155,0.0231992392212709,0.0111071460920581,0.0367368196183408,0.0014296329098121,0.0449688455327298,False,False
D_alcohol,16,satlife,drinkl,baseline,cross_sectional,age_lt65,CHARLS_2011_2020,sweet,57155,0.0252380317400341,0.0089980291732209,0.0050341569410061,0.0076022186286804,0.0428738448513878,False,False
D_alcohol,17,satlife,drinkl,full,within_person,age_lt65,CHARLS_2011_2020,sweet,32624,0.0354369748003631,0.0171707729203781,0.0390370496215876,0.0017828782897063,0.0690910713110199,False,False
D_alcohol,18,satlife,drinkl,full,cross_sectional,age_lt65,CHARLS_2011_2020,sweet,32624,0.0317519211882055,0.0114289920030699,0.0054662498929948,0.0093515084825922,0.0541523338938189,False,False
D_alcohol,19,satlife,drinkl,minimal,within_person,age_ge55,CHARLS_2011_2020,sweet,58279,0.015814253340627,0.0111923687610519,0.157670533809736,-0.0061223863327258,0.03775089301398,False,False
D_alcohol,20,satlife,drinkl,minimal,cross_sectional,age_ge55,CHARLS_2011_2020,sweet,58279,0.0350085421627834,0.0080360179202954,1.3218647610552844e-05,0.0192582364598858,0.0507588478656809,False,False
D_alcohol,21,satlife,drinkl,baseline,within_person,age_ge55,CHARLS_2011_2020,sweet,58259,0.0219681223477972,0.0111552152181493,0.0489170358012611,0.0001043022804314,0.043831942415163,False,False
D_alcohol,22,satlife,drinkl,baseline,cross_sectional,age_ge55,CHARLS_2011_2020,sweet,58259,0.0312283128072175,0.0088050654399932,0.0003901915771021,0.0139707016633123,0.0484859239511226,False,False
D_alcohol,23,satlife,drinkl,full,within_person,age_ge55,CHARLS_2011_2020,sweet,38370,0.0212343852599151,0.0153335895921769,0.1661050460422126,-0.0088188980944699,0.0512876686143002,False,False
D_alcohol,24,satlife,drinkl,full,cross_sectional,age_ge55,CHARLS_2011_2020,sweet,38370,0.0377247337441463,0.0104195143236797,0.000293938047463,0.0173028609333348,0.0581466065549578,False,False
D_alcohol,25,satlife,drinkl,minimal,within_person,men_only,CHARLS_2011_2020,sweet,40555,0.0052216265617512,0.0118024027593062,0.658184847245912,-0.017910657777525,0.0283539109010275,False,False
D_alcohol,26,satlife,drinkl,minimal,cross_sectional,men_only,CHARLS_2011_2020,sweet,40555,0.0285587499473308,0.0092161214449344,0.0019431803607538,0.010495483838112,0.0466220160565495,False,False
D_alcohol,27,satlife,drinkl,baseline,within_person,men_only,CHARLS_2011_2020,sweet,40455,0.0176969202431915,0.0117252794770586,0.1312230948287982,-0.00528420524051,0.040678045726893,False,False
D_alcohol,28,satlife,drinkl,baseline,cross_sectional,men_only,CHARLS_2011_2020,sweet,40455,0.0429276844805404,0.0092777251705193,3.7106804887560576e-06,0.0247436772878618,0.061111691673219,False,False
D_alcohol,29,satlife,drinkl,full,within_person,men_only,CHARLS_2011_2020,sweet,24062,0.0151592841600461,0.0168160103127105,0.3673335680221622,-0.0177994904165206,0.0481180587366129,False,False
D_alcohol,30,satlife,drinkl,full,cross_sectional,men_only,CHARLS_2011_2020,sweet,24062,0.0450926415376307,0.0114924889870814,8.721309742900725e-05,0.0225677770302279,0.0676175060450335,False,False
D_alcohol,31,srh,drinkl,minimal,within_person,all,CHARLS_2011_2020,sweet,90595,0.0962993466364715,0.010092688882022,1.4078707084507904e-21,0.0765180399205404,0.1160806533524026,True,True
D_alcohol,32,srh,drinkl,minimal,cross_sectional,all,CHARLS_2011_2020,sweet,90595,0.2678299442501352,0.0091739789221252,2.2758773033923828e-187,0.2498492759678401,0.2858106125324303,True,True
D_alcohol,33,srh,drinkl,baseline,within_person,all,CHARLS_2011_2020,sweet,90292,0.0943065943433711,0.0100716110716345,7.706102556517859e-21,0.0745665993766725,0.1140465893100697,True,True
D_alcohol,34,srh,drinkl,baseline,cross_sectional,all,CHARLS_2011_2020,sweet,90292,0.2009754585215046,0.0099355429612065,5.558903691587681e-91,0.1815021521506892,0.22044876489232,True,True
D_alcohol,35,srh,drinkl,full,within_person,all,CHARLS_2011_2020,sweet,54112,0.1116348665134891,0.0145049704914893,1.400429545081382e-14,0.0832056467533537,0.1400640862736245,True,True
D_alcohol,36,srh,drinkl,full,cross_sectional,all,CHARLS_2011_2020,sweet,54112,0.196921239203408,0.0119670734658594,7.689801315134022e-61,0.1734662062099785,0.2203762721968375,True,True
D_alcohol,37,srh,drinkl,minimal,within_person,current_drinkers,CHARLS_2011_2020,sweet,31471,0.0,0.0,,0.0,0.0,True,True
D_alcohol,39,srh,drinkl,baseline,within_person,current_drinkers,CHARLS_2011_2020,sweet,31389,2.1116528229456282e-18,2.2892079431434527e-18,0.3563000591242822,-2.3751122987385546e-18,6.5984179446298114e-18,True,True
D_alcohol,41,srh,drinkl,full,within_person,current_drinkers,CHARLS_2011_2020,sweet,17982,4.337564538057136e-18,1.2671231667787057e-18,0.0006189777600137,1.854048767194533e-18,6.821080308919738e-18,True,True
D_alcohol,43,srh,drinkl,minimal,within_person,age_lt65,CHARLS_2011_2020,sweet,60162,0.0747209101623053,0.0126037821189197,3.05804829791435e-09,0.0500179511402327,0.0994238691843779,True,True
D_alcohol,44,srh,drinkl,minimal,cross_sectional,age_lt65,CHARLS_2011_2020,sweet,60162,0.2487379542239862,0.0108423420690453,1.7976831049132293e-116,0.2274873542605939,0.2699885541873785,True,True
D_alcohol,45,srh,drinkl,baseline,within_person,age_lt65,CHARLS_2011_2020,sweet,60114,0.0748493242177044,0.0125979487664579,2.8261570701893918e-09,0.0501577983563659,0.0995408500790429,True,True
D_alcohol,46,srh,drinkl,baseline,cross_sectional,age_lt65,CHARLS_2011_2020,sweet,60114,0.1803124206383845,0.0118857421669093,5.546919378511526e-52,0.1570167940617132,0.2036080472150558,True,True
D_alcohol,47,srh,drinkl,full,within_person,age_lt65,CHARLS_2011_2020,sweet,33541,0.0936810365162924,0.0196325311567483,1.8265493120460976e-06,0.055201982523705,0.1321600905088797,True,True
D_alcohol,48,srh,drinkl,full,cross_sectional,age_lt65,CHARLS_2011_2020,sweet,33541,0.1768725981916302,0.0148024638646196,6.582032193002792e-33,0.14786030213452,0.2058848942487403,True,True
D_alcohol,49,srh,drinkl,minimal,within_person,age_ge55,CHARLS_2011_2020,sweet,61308,0.1233236138299895,0.0126321662328313,1.6281850651283744e-22,0.098565022966917,0.1480822046930619,True,True
D_alcohol,50,srh,drinkl,minimal,cross_sectional,age_ge55,CHARLS_2011_2020,sweet,61308,0.2691937191788519,0.0109231621002589,4.235851457190767e-134,0.2477847148650514,0.2906027234926522,True,True
D_alcohol,51,srh,drinkl,baseline,within_person,age_ge55,CHARLS_2011_2020,sweet,61269,0.120578155252408,0.0125854009117563,9.63001072908841e-22,0.0959112227343681,0.1452450877704479,True,True
D_alcohol,52,srh,drinkl,baseline,cross_sectional,age_ge55,CHARLS_2011_2020,sweet,61269,0.2183496079028798,0.011808949495158,2.477238021480376e-76,0.1952044921971176,0.241494723608642,True,True
D_alcohol,53,srh,drinkl,full,within_person,age_ge55,CHARLS_2011_2020,sweet,39681,0.1342799352051941,0.0172047868985761,5.959558286392466e-15,0.1005591725222984,0.1680006978880899,True,True
D_alcohol,54,srh,drinkl,full,cross_sectional,age_ge55,CHARLS_2011_2020,sweet,39681,0.2125886813603954,0.0137575384315933,7.254705158143359e-54,0.1856244015185468,0.2395529612022439,True,True
D_alcohol,55,srh,drinkl,minimal,within_person,men_only,CHARLS_2011_2020,sweet,42855,0.1277756780964142,0.0137015925011698,1.1034927566823761e-20,0.1009210502632772,0.1546303059295513,True,True
D_alcohol,56,srh,drinkl,minimal,cross_sectional,men_only,CHARLS_2011_2020,sweet,42855,0.2818121758728054,0.0129206600967948,1.825502000664486e-105,0.2564881474266036,0.3071362043190072,True,True
D_alcohol,57,srh,drinkl,baseline,within_person,men_only,CHARLS_2011_2020,sweet,42706,0.120516418937207,0.0136500859218827,1.0562884240799005e-18,0.0937627421444397,0.1472700957299744,True,True
D_alcohol,58,srh,drinkl,baseline,cross_sectional,men_only,CHARLS_2011_2020,sweet,42706,0.2300139039782785,0.0129409073841006,1.1204118153699002e-70,0.2046501915781727,0.2553776163783842,True,True
D_alcohol,59,srh,drinkl,full,within_person,men_only,CHARLS_2011_2020,sweet,24659,0.133559069143769,0.0194363915038079,6.348664986040563e-12,0.0954644418068851,0.1716536964806529,True,True
D_alcohol,60,srh,drinkl,full,cross_sectional,men_only,CHARLS_2011_2020,sweet,24659,0.2183839488459114,0.0156112195318673,1.8218208896227858e-44,0.1877865208087031,0.2489813768831197,True,True
D_alcohol,61,cesd10,drinkl,minimal,within_person,all,CHARLS_2011_2020,sweet,86334,-0.1513396067441788,0.0611316971343505,0.0133000458297574,-0.2711555314413163,-0.0315236820470413,False,False
D_alcohol,62,cesd10,drinkl,minimal,cross_sectional,all,CHARLS_2011_2020,sweet,86334,-1.5536693464841396,0.0584835126398637,1.6809118260064186e-155,-1.6682949249476655,-1.4390437680206136,False,False
D_alcohol,63,cesd10,drinkl,baseline,within_person,all,CHARLS_2011_2020,sweet,86107,-0.1287330741672609,0.0608425968273205,0.0343585938856331,-0.2479823726747002,-0.0094837756598217,False,False
D_alcohol,64,cesd10,drinkl,baseline,cross_sectional,all,CHARLS_2011_2020,sweet,86107,-0.47945972078619,0.0618091000933992,8.688952994656319e-15,-0.6006033308860838,-0.3583161106862962,False,False
D_alcohol,65,cesd10,drinkl,full,within_person,all,CHARLS_2011_2020,sweet,52395,-0.1716838076273734,0.0880351259189679,0.0511553917600873,-0.3442294838029992,0.0008618685482523,False,False
D_alcohol,66,cesd10,drinkl,full,cross_sectional,all,CHARLS_2011_2020,sweet,52395,-0.5152364943389741,0.0738004119860858,2.920753904130482e-12,-0.6598826438759205,-0.3705903448020277,False,False
D_alcohol,67,cesd10,drinkl,minimal,within_person,current_drinkers,CHARLS_2011_2020,sweet,30148,0.0,0.0,,0.0,0.0,False,False
D_alcohol,69,cesd10,drinkl,baseline,within_person,current_drinkers,CHARLS_2011_2020,sweet,30084,-6.3176872654769644e-18,6.512130206351569e-18,0.331976003892676,-1.9081227932561432e-17,6.445853401607504e-18,False,False
D_alcohol,70,cesd10,drinkl,baseline,cross_sectional,current_drinkers,CHARLS_2011_2020,sweet,30084,4.561292864029077,0.1566119286084683,1.7418611934345745e-186,4.254339124407121,4.868246603651032,False,False
D_alcohol,71,cesd10,drinkl,full,within_person,current_drinkers,CHARLS_2011_2020,sweet,17615,1.3733538403741381e-17,8.868058898806328e-18,0.1214653644034062,-3.6475376506989555e-18,3.111461445818172e-17,False,False
D_alcohol,72,cesd10,drinkl,full,cross_sectional,current_drinkers,CHARLS_2011_2020,sweet,17615,5.067543950807098,0.2187949135454135,1.122160979407874e-118,4.638713800257532,5.496374101356663,False,False
D_alcohol,73,cesd10,drinkl,minimal,within_person,age_lt65,CHARLS_2011_2020,sweet,57858,-0.0243107156824408,0.0754924716476121,0.7474312213852206,-0.1722732412156719,0.1236518098507901,False,False
D_alcohol,74,cesd10,drinkl,minimal,cross_sectional,age_lt65,CHARLS_2011_2020,sweet,57858,-1.525328892556601,0.0680498274202887,2.8178306585189053e-111,-1.6587041034545336,-1.391953681658669,False,False
D_alcohol,75,cesd10,drinkl,baseline,within_person,age_lt65,CHARLS_2011_2020,sweet,57826,-0.0185552022799087,0.0750573159961461,0.8047427867324517,-0.1656648384085974,0.1285544338487798,False,False
D_alcohol,76,cesd10,drinkl,baseline,cross_sectional,age_lt65,CHARLS_2011_2020,sweet,57826,-0.4427892813919481,0.073290277572477,1.5260964319985672e-09,-0.5864355858509469,-0.2991429769329494,False,False
D_alcohol,77,cesd10,drinkl,full,within_person,age_lt65,CHARLS_2011_2020,sweet,32896,-0.1002818905195668,0.1157595031206421,0.3863283518164931,-0.3271663475042775,0.1266025664651438,False,False
D_alcohol,78,cesd10,drinkl,full,cross_sectional,age_lt65,CHARLS_2011_2020,sweet,32896,-0.505537652286552,0.0911164459772675,2.8852804901859214e-08,-0.684122604801286,-0.326952699771818,False,False
D_alcohol,79,cesd10,drinkl,minimal,within_person,age_ge55,CHARLS_2011_2020,sweet,58246,-0.2653423598814342,0.0775650022901659,0.0006241355667172,-0.4173669708309262,-0.1133177489319421,False,False
D_alcohol,80,cesd10,drinkl,minimal,cross_sectional,age_ge55,CHARLS_2011_2020,sweet,58246,-1.577204837267394,0.0717737002762249,5.029670501419965e-107,-1.7178787048459676,-1.4365309696888209,False,False
D_alcohol,81,cesd10,drinkl,baseline,within_person,age_ge55,CHARLS_2011_2020,sweet,58220,-0.2362752071836563,0.0772361198802749,0.0022198199307783,-0.3876552204546132,-0.0848951939126994,False,False
D_alcohol,82,cesd10,drinkl,baseline,cross_sectional,age_ge55,CHARLS_2011_2020,sweet,58220,-0.5693893390230316,0.0750229462111572,3.210534673822225e-14,-0.7164316116109855,-0.4223470664350777,False,False
D_alcohol,83,cesd10,drinkl,full,within_person,age_ge55,CHARLS_2011_2020,sweet,38193,-0.2837741172961107,0.107241895850374,0.0081422741161798,-0.4939643707966392,-0.0735838637955821,False,False
D_alcohol,84,cesd10,drinkl,full,cross_sectional,age_ge55,CHARLS_2011_2020,sweet,38193,-0.5940067015972139,0.0867427550662032,7.493594712614335e-12,-0.7640193774467516,-0.4239940257476762,False,False
D_alcohol,85,cesd10,drinkl,minimal,within_person,men_only,CHARLS_2011_2020,sweet,40806,-0.3332595584573103,0.0800433366444695,3.1342101486316223e-05,-0.4901416154828857,-0.176377501431735,False,False
D_alcohol,86,cesd10,drinkl,minimal,cross_sectional,men_only,CHARLS_2011_2020,sweet,40806,-0.9829732032983944,0.0773549401579602,5.385533416407226e-37,-1.1345861000342474,-0.8313603065625411,False,False
D_alcohol,87,cesd10,drinkl,baseline,within_person,men_only,CHARLS_2011_2020,sweet,40695,-0.2774585220863707,0.0795536716164957,0.0004872131392365,-0.4333808532926288,-0.1215361908801126,False,False
D_alcohol,88,cesd10,drinkl,baseline,cross_sectional,men_only,CHARLS_2011_2020,sweet,40695,-0.7295442084430266,0.0767335897945463,1.9530920616410498e-21,-0.8799392808448077,-0.5791491360412455,False,False
D_alcohol,89,cesd10,drinkl,full,within_person,men_only,CHARLS_2011_2020,sweet,24120,-0.2904470431372102,0.1168559856242176,0.0129364950069895,-0.5194805663386072,-0.0614135199358133,False,False
D_alcohol,90,cesd10,drinkl,full,cross_sectional,men_only,CHARLS_2011_2020,sweet,24120,-0.7854781023579613,0.092031263076728,1.402704389156915e-17,-0.9658560634400792,-0.6051001412758436,False,False
D_alcohol,91,satlife,drinkn_c,minimal,within_person,all,CHARLS_2011_2020,sweet,46745,0.0048134550225099,0.0032948267716975,0.1440393386057851,-0.0016442867853154,0.0112711968303354,False,False
D_alcohol,92,satlife,drinkn_c,minimal,cross_sectional,all,CHARLS_2011_2020,sweet,46745,0.0132916130337252,0.0016370130055312,4.683769995706628e-16,0.0100831265006603,0.01650009956679,False,False
D_alcohol,93,satlife,drinkn_c,baseline,within_person,all,CHARLS_2011_2020,sweet,46605,0.0044040311023683,0.0032528759342109,0.1757719742610238,-0.0019714885748622,0.010779550779599,False,False
D_alcohol,94,satlife,drinkn_c,baseline,cross_sectional,all,CHARLS_2011_2020,sweet,46605,0.0115369756142489,0.0017932801464207,1.2474080568085148e-10,0.0080222111130735,0.0150517401154243,False,False
D_alcohol,95,satlife,drinkn_c,full,within_person,all,CHARLS_2011_2020,sweet,27792,0.0014466778018843,0.0054738584498291,0.7915576262277254,-0.009281887616251,0.0121752432200196,False,False
D_alcohol,96,satlife,drinkn_c,full,cross_sectional,all,CHARLS_2011_2020,sweet,27792,0.011563836680467,0.0023257974201271,6.626983504434573e-07,0.0070053575016816,0.0161223158592523,False,False
D_alcohol,97,satlife,drinkn_c,minimal,within_person,current_drinkers,CHARLS_2011_2020,sweet,15299,0.0032891938639522,0.0044583457632529,0.4606596644352203,-0.0054490032626502,0.0120273909905548,False,False
D_alcohol,98,satlife,drinkn_c,minimal,cross_sectional,current_drinkers,CHARLS_2011_2020,sweet,15299,0.0114157440688461,0.0022504949697604,3.925237960225996e-07,0.0070048549807271,0.0158266331569652,False,False
D_alcohol,99,satlife,drinkn_c,baseline,within_person,current_drinkers,CHARLS_2011_2020,sweet,15261,0.0083299390064333,0.0043717950077498,0.0567304484149696,-0.0002386217565483,0.0168984997694151,False,False
D_alcohol,100,satlife,drinkn_c,baseline,cross_sectional,current_drinkers,CHARLS_2011_2020,sweet,15261,0.0080540812961961,0.0023629496022618,0.0006532437039362,0.0034227851784796,0.0126853774139126,False,False
D_alcohol,101,satlife,drinkn_c,full,within_person,current_drinkers,CHARLS_2011_2020,sweet,8475,0.0096805201620299,0.0076740423337392,0.2071420967347154,-0.0053603264279346,0.0247213667519945,False,False
D_alcohol,102,satlife,drinkn_c,full,cross_sectional,current_drinkers,CHARLS_2011_2020,sweet,8475,0.00694104830613,0.0030378155859005,0.0223197833888209,0.0009870391660905,0.0128950574461694,False,False
D_alcohol,103,satlife,drinkn_c,minimal,within_person,age_lt65,CHARLS_2011_2020,sweet,32037,0.0082715948872425,0.0041403659003837,0.0457390836714535,0.0001566268396727,0.0163865629348123,False,False
D_alcohol,104,satlife,drinkn_c,minimal,cross_sectional,age_lt65,CHARLS_2011_2020,sweet,32037,0.0150388520913153,0.001974425027905,2.599892169375768e-14,0.0111690501464468,0.0189086540361838,False,False
D_alcohol,105,satlife,drinkn_c,baseline,within_person,age_lt65,CHARLS_2011_2020,sweet,32028,0.0082442410461424,0.0040731703297356,0.0429665067736559,0.0002609738969634,0.0162275081953214,False,False
D_alcohol,106,satlife,drinkn_c,baseline,cross_sectional,age_lt65,CHARLS_2011_2020,sweet,32028,0.0123031115535758,0.0021937201413498,2.0428549575186083e-08,0.0080034990843701,0.0166027240227816,False,False
D_alcohol,107,satlife,drinkn_c,full,within_person,age_lt65,CHARLS_2011_2020,sweet,17827,0.0006899605961055,0.0074721386238179,0.9264296827109932,-0.0139551619940683,0.0153350831862793,False,False
D_alcohol,108,satlife,drinkn_c,full,cross_sectional,age_lt65,CHARLS_2011_2020,sweet,17827,0.0139643552857072,0.0029830680250457,2.851924827339429e-06,0.0081176493931844,0.01981106117823,False,False
D_alcohol,109,satlife,drinkn_c,minimal,within_person,age_ge55,CHARLS_2011_2020,sweet,31242,0.003588047317374,0.0041136867521157,0.3830873818547978,-0.0044746305604523,0.0116507251952003,False,False
D_alcohol,110,satlife,drinkn_c,minimal,cross_sectional,age_ge55,CHARLS_2011_2020,sweet,31242,0.0124910942775714,0.001912409609803,6.507082727291216e-11,0.0087428403186692,0.0162393482364737,False,False
D_alcohol,111,satlife,drinkn_c,baseline,within_person,age_ge55,CHARLS_2011_2020,sweet,31230,0.0026600325318271,0.0040656266135225,0.5129354924206917,-0.0053084492052647,0.0106285142689189,False,False
D_alcohol,112,satlife,drinkn_c,baseline,cross_sectional,age_ge55,CHARLS_2011_2020,sweet,31230,0.012264171491929,0.0020807115769171,3.7645567078552655e-09,0.008186051738956,0.0163422912449021,False,False
D_alcohol,113,satlife,drinkn_c,full,within_person,age_ge55,CHARLS_2011_2020,sweet,20027,0.0026147535025732,0.0065659394917848,0.6904607192525205,-0.0102542514259942,0.0154837584311407,False,False
D_alcohol,114,satlife,drinkn_c,full,cross_sectional,age_ge55,CHARLS_2011_2020,sweet,20027,0.0117158127360728,0.002646555323061,9.563436198336707e-06,0.0065286596197803,0.0169029658523653,False,False
D_alcohol,115,satlife,drinkn_c,minimal,within_person,men_only,CHARLS_2011_2020,sweet,21851,0.002798120554424,0.0036692529173172,0.4457103935457166,-0.0043934830136863,0.0099897241225344,False,False
D_alcohol,116,satlife,drinkn_c,minimal,cross_sectional,men_only,CHARLS_2011_2020,sweet,21851,0.0108885202475811,0.0019241741006923,1.5243329365662193e-08,0.0071172083102394,0.0146598321849228,False,False
D_alcohol,117,satlife,drinkn_c,baseline,within_person,men_only,CHARLS_2011_2020,sweet,21782,0.0032624797256765,0.0036182225221466,0.367226756591516,-0.0038291061057824,0.0103540655571355,False,False
D_alcohol,118,satlife,drinkn_c,baseline,cross_sectional,men_only,CHARLS_2011_2020,sweet,21782,0.0120677729037053,0.0019247507049981,3.6154720651739135e-10,0.0082953308426908,0.0158402149647197,False,False
D_alcohol,119,satlife,drinkn_c,full,within_person,men_only,CHARLS_2011_2020,sweet,12300,-0.0022320446763476,0.0064034224241664,0.727411716854121,-0.01478252200551,0.0103184326528147,False,False
D_alcohol,120,satlife,drinkn_c,full,cross_sectional,men_only,CHARLS_2011_2020,sweet,12300,0.0119793502884151,0.0025308269114414,2.2081806801467863e-06,0.0070190206908852,0.0169396798859451,False,False
D_alcohol,121,srh,drinkn_c,minimal,within_person,all,CHARLS_2011_2020,sweet,50647,0.0179163322256924,0.0038157516806271,2.661360874459666e-06,0.0104375963577151,0.0253950680936697,True,False
D_alcohol,122,srh,drinkn_c,minimal,cross_sectional,all,CHARLS_2011_2020,sweet,50647,0.0449856553004012,0.0021808656683058,1.5570635512960475e-94,0.0407112371354018,0.0492600734654006,True,False
D_alcohol,123,srh,drinkn_c,baseline,within_person,all,CHARLS_2011_2020,sweet,50416,0.017736125101912,0.0038105203670583,3.2474382624388326e-06,0.0102676424201213,0.0252046077837026,True,False
D_alcohol,124,srh,drinkn_c,baseline,cross_sectional,all,CHARLS_2011_2020,sweet,50416,0.035906629898253,0.0023695999710662,7.234766426574913e-52,0.0312622992971961,0.04055096049931,True,False
D_alcohol,125,srh,drinkn_c,full,within_person,all,CHARLS_2011_2020,sweet,29356,0.0211372652935214,0.0061584071138713,0.0005985695059973,0.0090670091481983,0.0332075214388445,True,False
D_alcohol,126,srh,drinkn_c,full,cross_sectional,all,CHARLS_2011_2020,sweet,29356,0.0339538763258725,0.0030420737116422,6.297427586808915e-29,0.0279915214127375,0.0399162312390074,True,False
D_alcohol,127,srh,drinkn_c,minimal,within_person,current_drinkers,CHARLS_2011_2020,sweet,16227,0.0142458193423982,0.0053516476249843,0.0077689376955661,0.0037567827394796,0.0247348559453168,True,False
D_alcohol,128,srh,drinkn_c,minimal,cross_sectional,current_drinkers,CHARLS_2011_2020,sweet,16227,0.0154350858698798,0.0029478409407606,1.6403647680391826e-07,0.0096574237938363,0.0212127479459234,True,False
D_alcohol,129,srh,drinkn_c,baseline,within_person,current_drinkers,CHARLS_2011_2020,sweet,16178,0.0131385085057839,0.0053452416455528,0.0139720121898721,0.0026620273918368,0.0236149896197311,True,False
D_alcohol,130,srh,drinkn_c,baseline,cross_sectional,current_drinkers,CHARLS_2011_2020,sweet,16178,0.0189608151614506,0.003088398127298,8.285000860857902e-10,0.0129076660620254,0.0250139642608757,True,False
D_alcohol,131,srh,drinkn_c,full,within_person,current_drinkers,CHARLS_2011_2020,sweet,8790,0.0138410261552364,0.0092261514514535,0.1335639014719774,-0.0042418984055244,0.0319239507159973,True,False
D_alcohol,132,srh,drinkn_c,full,cross_sectional,current_drinkers,CHARLS_2011_2020,sweet,8790,0.0199153209658624,0.0040611975151756,9.399777253400342e-07,0.0119555201020145,0.0278751218297103,True,False
D_alcohol,133,srh,drinkn_c,minimal,within_person,age_lt65,CHARLS_2011_2020,sweet,34481,0.0158099666257809,0.0049462592855776,0.0013917907296127,0.0061154765678519,0.0255044566837098,True,False
D_alcohol,134,srh,drinkn_c,minimal,cross_sectional,age_lt65,CHARLS_2011_2020,sweet,34481,0.0442502435581141,0.0026447815881982,7.771999675569627e-63,0.039066566898271,0.0494339202179573,True,False
D_alcohol,135,srh,drinkn_c,baseline,within_person,age_lt65,CHARLS_2011_2020,sweet,34458,0.0157216796664813,0.0049475496478662,0.0014846366879908,0.0060246605449396,0.025418698788023,True,False
D_alcohol,136,srh,drinkn_c,baseline,cross_sectional,age_lt65,CHARLS_2011_2020,sweet,34458,0.0337565619105855,0.0029289770160685,9.86723763152636e-31,0.0280158724475456,0.0394972513736253,True,False
D_alcohol,137,srh,drinkn_c,full,within_person,age_lt65,CHARLS_2011_2020,sweet,18670,0.0179001944481386,0.0084196951276522,0.0335040249063344,0.0013978952371328,0.0344024936591444,True,False
D_alcohol,138,srh,drinkn_c,full,cross_sectional,age_lt65,CHARLS_2011_2020,sweet,18670,0.0333827280950506,0.0038586695479255,5.089059810925331e-18,0.0258198747528751,0.0409455814372262,True,False
D_alcohol,139,srh,drinkn_c,minimal,within_person,age_ge55,CHARLS_2011_2020,sweet,33825,0.0208020096647053,0.0046438328306323,7.482107153280397e-06,0.0117002645664411,0.0299037547629694,True,False
D_alcohol,140,srh,drinkn_c,minimal,cross_sectional,age_ge55,CHARLS_2011_2020,sweet,33825,0.045415947408784,0.0025183156417697,1.0489895380364024e-72,0.0404801394492114,0.0503517553683565,True,False
D_alcohol,141,srh,drinkn_c,baseline,within_person,age_ge55,CHARLS_2011_2020,sweet,33799,0.0211742235841095,0.0046351325862707,4.919250062238367e-06,0.0120895306514508,0.0302589165167682,True,False
D_alcohol,142,srh,drinkn_c,baseline,cross_sectional,age_ge55,CHARLS_2011_2020,sweet,33799,0.0368220123831307,0.0027338842829366,2.3886579191556975e-41,0.0314636976506748,0.0421803271155866,True,False
D_alcohol,143,srh,drinkn_c,full,within_person,age_ge55,CHARLS_2011_2020,sweet,21252,0.0204965305525485,0.0073898179671391,0.0055436767835634,0.0060127534846488,0.0349803076204482,True,False
D_alcohol,144,srh,drinkn_c,full,cross_sectional,age_ge55,CHARLS_2011_2020,sweet,21252,0.0349876015411508,0.0034705722074404,6.689044087407719e-24,0.0281854050088218,0.0417897980734798,True,False
D_alcohol,145,srh,drinkn_c,minimal,within_person,men_only,CHARLS_2011_2020,sweet,23613,0.0205998215335047,0.004324436496011,1.9018328910172068e-06,0.0121240817478925,0.0290755613191169,True,False
D_alcohol,146,srh,drinkn_c,minimal,cross_sectional,men_only,CHARLS_2011_2020,sweet,23613,0.0386545474504779,0.0026239299020238,4.043408780056928e-49,0.0335117393445533,0.0437973555564024,True,False
D_alcohol,147,srh,drinkn_c,baseline,within_person,men_only,CHARLS_2011_2020,sweet,23505,0.0201273761483768,0.0043122814819047,3.049547551285102e-06,0.0116754597526445,0.0285792925441091,True,False
D_alcohol,148,srh,drinkn_c,baseline,cross_sectional,men_only,CHARLS_2011_2020,sweet,23505,0.0359842278791763,0.0025969506213893,1.1646480447450957e-43,0.0308942981916242,0.0410741575667283,True,False
D_alcohol,149,srh,drinkn_c,full,within_person,men_only,CHARLS_2011_2020,sweet,12833,0.0204802765422923,0.0072724330133578,0.0048602670653972,0.0062265697561308,0.0347339833284537,True,False
D_alcohol,150,srh,drinkn_c,full,cross_sectional,men_only,CHARLS_2011_2020,sweet,12833,0.03261871270123,0.0033691293784136,3.608642197455714e-22,0.0260153404602834,0.0392220849421766,True,False
D_alcohol,151,cesd10,drinkn_c,minimal,within_person,all,CHARLS_2011_2020,sweet,48305,-0.0376873202707771,0.0233167159841657,0.1060247195558193,-0.0833872438374913,0.008012603295937,False,False
D_alcohol,152,cesd10,drinkn_c,minimal,cross_sectional,all,CHARLS_2011_2020,sweet,48305,-0.254014439716702,0.0134290361058262,8.531025252390809e-80,-0.2803348668312095,-0.2276940126021945,False,False
D_alcohol,153,cesd10,drinkn_c,baseline,within_person,all,CHARLS_2011_2020,sweet,48140,-0.0403547704056743,0.0233285493115464,0.0836580025291482,-0.0860778868678721,0.0053683460565234,False,False
D_alcohol,154,cesd10,drinkn_c,baseline,cross_sectional,all,CHARLS_2011_2020,sweet,48140,-0.0934713497890032,0.0144071019443244,8.706053903388326e-11,-0.121708750721476,-0.0652339488565304,False,False
D_alcohol,155,cesd10,drinkn_c,full,within_person,all,CHARLS_2011_2020,sweet,28780,0.0034347229002164,0.0371830224768372,0.9264013579957888,-0.0694426619907278,0.0763121077911607,False,False
D_alcohol,156,cesd10,drinkn_c,full,cross_sectional,all,CHARLS_2011_2020,sweet,28780,-0.1022673435190537,0.0184115769816575,2.7838681160942847e-08,-0.1383533713016891,-0.0661813157364183,False,False
D_alcohol,157,cesd10,drinkn_c,minimal,within_person,current_drinkers,CHARLS_2011_2020,sweet,15658,-0.0770293919676932,0.0313492584838618,0.014004965205806,-0.1384728095380991,-0.0155859743972872,False,False
D_alcohol,158,cesd10,drinkn_c,minimal,cross_sectional,current_drinkers,CHARLS_2011_2020,sweet,15658,-0.1168495796834108,0.0180067450680098,8.628668554134565e-11,-0.1521421514955045,-0.0815570078713172,False,False
D_alcohol,159,cesd10,drinkn_c,baseline,within_person,current_drinkers,CHARLS_2011_2020,sweet,15619,-0.0702509727275031,0.0313785038437298,0.0251673176910411,-0.1317517101499654,-0.0087502353050409,False,False
D_alcohol,160,cesd10,drinkn_c,baseline,cross_sectional,current_drinkers,CHARLS_2011_2020,sweet,15619,-0.0725215590219486,0.0185237273404171,9.03806154497952e-05,-0.1088273974686061,-0.0362157205752911,False,False
D_alcohol,161,cesd10,drinkn_c,full,within_person,current_drinkers,CHARLS_2011_2020,sweet,8701,-0.0542916271378891,0.0530301972366359,0.305935886630537,-0.1582289038147511,0.0496456495389728,False,False
D_alcohol,162,cesd10,drinkn_c,full,cross_sectional,current_drinkers,CHARLS_2011_2020,sweet,8701,-0.1006225078576627,0.0239649668026279,2.6841203935954708e-05,-0.1475929796815115,-0.0536520360338139,False,False
D_alcohol,163,cesd10,drinkn_c,minimal,within_person,age_lt65,CHARLS_2011_2020,sweet,33008,-0.0597708962544705,0.0295554589529344,0.043142254058774,-0.1176985313487739,-0.0018432611601671,False,False
D_alcohol,164,cesd10,drinkn_c,minimal,cross_sectional,age_lt65,CHARLS_2011_2020,sweet,33008,-0.27868940490564,0.0160895025928185,3.255294152837694e-67,-0.3102242505167282,-0.2471545592945517,False,False
D_alcohol,165,cesd10,drinkn_c,baseline,within_person,age_lt65,CHARLS_2011_2020,sweet,32998,-0.0620236245342166,0.0294821140793704,0.0353984042139115,-0.1198075063178838,-0.0042397427505493,False,False
D_alcohol,166,cesd10,drinkn_c,baseline,cross_sectional,age_lt65,CHARLS_2011_2020,sweet,32998,-0.1103402889299881,0.0174831800697382,2.768347754117077e-10,-0.1446066922019035,-0.0760738856580727,False,False
D_alcohol,167,cesd10,drinkn_c,full,within_person,age_lt65,CHARLS_2011_2020,sweet,18384,-0.0088948705363115,0.0524990954406755,0.8654591951364508,-0.1117912068209665,0.0940014657483434,False,False
D_alcohol,168,cesd10,drinkn_c,full,cross_sectional,age_lt65,CHARLS_2011_2020,sweet,18384,-0.1282183857303692,0.0231879709809325,3.21105316279594e-08,-0.1736659737275568,-0.0827707977331815,False,False
D_alcohol,169,cesd10,drinkn_c,minimal,within_person,age_ge55,CHARLS_2011_2020,sweet,32331,-0.0313074653719457,0.0288757260702908,0.2782699424852342,-0.0879028484971601,0.0252879177532687,False,False
D_alcohol,170,cesd10,drinkn_c,minimal,cross_sectional,age_ge55,CHARLS_2011_2020,sweet,32331,-0.2511716048050277,0.0158407511717685,1.276933768331447e-56,-0.2822189065897547,-0.2201243030203007,False,False
D_alcohol,171,cesd10,drinkn_c,baseline,within_person,age_ge55,CHARLS_2011_2020,sweet,32314,-0.0331383572820526,0.0288775960911931,0.2511562132512461,-0.0897374055808858,0.0234606910167805,False,False
D_alcohol,172,cesd10,drinkn_c,baseline,cross_sectional,age_ge55,CHARLS_2011_2020,sweet,32314,-0.0967735698369301,0.0168910289628879,1.0085303264819821e-08,-0.1298793782660134,-0.0636677614078467,False,False
D_alcohol,173,cesd10,drinkn_c,full,within_person,age_ge55,CHARLS_2011_2020,sweet,20791,0.0086930955128538,0.0438705100956538,0.8429249606933913,-0.0772915242580285,0.0946777152837363,False,False
D_alcohol,174,cesd10,drinkn_c,full,cross_sectional,age_ge55,CHARLS_2011_2020,sweet,20791,-0.1062699828817346,0.0212649416222728,5.81004710578626e-07,-0.1479485025947361,-0.0645914631687331,False,False
D_alcohol,175,cesd10,drinkn_c,minimal,within_person,men_only,CHARLS_2011_2020,sweet,22452,-0.0456028160750941,0.0258309902817727,0.0774914542598445,-0.0962306267123728,0.0050249945621845,False,False
D_alcohol,176,cesd10,drinkn_c,minimal,cross_sectional,men_only,CHARLS_2011_2020,sweet,22452,-0.1132238304257973,0.0155906368883753,3.805723358880965e-13,-0.1437809172230547,-0.08266674362854,False,False
D_alcohol,177,cesd10,drinkn_c,baseline,within_person,men_only,CHARLS_2011_2020,sweet,22375,-0.0458137568744394,0.025850679784167,0.0763537755104562,-0.0964801582272844,0.0048526444784055,False,False
D_alcohol,178,cesd10,drinkn_c,baseline,cross_sectional,men_only,CHARLS_2011_2020,sweet,22375,-0.1092180703949068,0.0153897487371397,1.2767252370620168e-12,-0.1393814236508215,-0.0790547171389922,False,False
D_alcohol,179,cesd10,drinkn_c,full,within_person,men_only,CHARLS_2011_2020,sweet,12675,0.0135365840716421,0.0442339705022644,0.759587620697711,-0.0731604050060033,0.1002335731492876,False,False
D_alcohol,180,cesd10,drinkn_c,full,cross_sectional,men_only,CHARLS_2011_2020,sweet,12675,-0.113775967150978,0.0198843799712572,1.053538608910364e-08,-0.1527486357495518,-0.0748032985524042,False,False
D_alcohol,181,satlife,type_A,minimal,within_person,all,CHARLS_2011_2020,sweet,86009,-0.1172409694640596,0.0141995330683379,1.4978304002459995e-16,-0.1450715428752875,-0.0894103960528318,False,False
D_alcohol,182,satlife,type_A,minimal,cross_sectional,all,CHARLS_2011_2020,sweet,86009,-0.0551686738920736,0.0141298226429525,9.445406721818928e-05,-0.082862617380199,-0.0274747304039481,False,False
D_alcohol,183,satlife,type_A,baseline,within_person,all,CHARLS_2011_2020,sweet,85808,-0.0755343479175282,0.0141425495796119,9.247166050045161e-08,-0.1032532357431398,-0.0478154600919166,False,False
D_alcohol,184,satlife,type_A,baseline,cross_sectional,all,CHARLS_2011_2020,sweet,85808,-0.0520412115103561,0.0141999274127172,0.0002474422197306,-0.0798725578223649,-0.0242098651983473,False,False
D_alcohol,185,satlife,type_A,full,within_person,all,CHARLS_2011_2020,sweet,52442,-0.0345353948173989,0.0223323583770383,0.1220011225868913,-0.0783060129262355,0.0092352232914375,False,False
D_alcohol,186,satlife,type_A,full,cross_sectional,all,CHARLS_2011_2020,sweet,52442,-0.037247997796915,0.0199003056670002,0.0612439761460294,-0.076251880185574,0.0017558845917437,False,False
D_alcohol,187,satlife,type_A,minimal,within_person,current_drinkers,CHARLS_2011_2020,sweet,29984,-0.1329212280277718,0.015142808106321,1.6663615994497345e-18,-0.1626005865409621,-0.1032418695145813,False,False
D_alcohol,188,satlife,type_A,minimal,cross_sectional,current_drinkers,CHARLS_2011_2020,sweet,29984,-0.0833030607323763,0.0143226276441013,6.020561556182175e-09,-0.1113748950787926,-0.05523122638596,False,False
D_alcohol,189,satlife,type_A,baseline,within_person,current_drinkers,CHARLS_2011_2020,sweet,29923,-0.0990872120993264,0.0152360825649675,7.849471966820208e-11,-0.1289493851921414,-0.0692250390065113,False,False
D_alcohol,190,satlife,type_A,baseline,cross_sectional,current_drinkers,CHARLS_2011_2020,sweet,29923,-0.0716507647233213,0.0143835717450811,6.311591325279965e-07,-0.0998420473127283,-0.0434594821339143,False,False
D_alcohol,191,satlife,type_A,full,within_person,current_drinkers,CHARLS_2011_2020,sweet,17579,-0.0463443170228809,0.0241121725976324,0.0546019938254923,-0.0936033069032542,0.0009146728574923,False,False
D_alcohol,192,satlife,type_A,full,cross_sectional,current_drinkers,CHARLS_2011_2020,sweet,17579,-0.0554759680035246,0.0201349266890161,0.0058654327263755,-0.0949396991453506,-0.0160122368616987,False,False
D_alcohol,193,satlife,type_A,minimal,within_person,age_lt65,CHARLS_2011_2020,sweet,57224,-0.1223423801774366,0.0163072205096571,6.268653230754606e-14,-0.1543039450643176,-0.0903808152905557,False,False
D_alcohol,194,satlife,type_A,minimal,cross_sectional,age_lt65,CHARLS_2011_2020,sweet,57224,-0.0438213701562936,0.0157749933495753,0.0054711281078048,-0.0747397889778202,-0.012902951334767,False,False
D_alcohol,195,satlife,type_A,baseline,within_person,age_lt65,CHARLS_2011_2020,sweet,57193,-0.0842106172359205,0.0161944417269373,1.9932029184824834e-07,-0.1159511397704502,-0.0524700947013907,False,False
D_alcohol,196,satlife,type_A,baseline,cross_sectional,age_lt65,CHARLS_2011_2020,sweet,57193,-0.0609768799581355,0.0158726147490805,0.0001222147376713,-0.0920866332068127,-0.0298671267094583,False,False
D_alcohol,197,satlife,type_A,full,within_person,age_lt65,CHARLS_2011_2020,sweet,32630,-0.0326165150835439,0.0278771916182717,0.2419980688618563,-0.0872548066454784,0.0220217764783906,False,False
D_alcohol,198,satlife,type_A,full,cross_sectional,age_lt65,CHARLS_2011_2020,sweet,32630,-0.039591495320758,0.023145877398143,0.0871696855458209,-0.084956581411698,0.0057735907701818,False,False
D_alcohol,199,satlife,type_A,minimal,within_person,age_ge55,CHARLS_2011_2020,sweet,58315,-0.1079408798200019,0.0192076892972622,1.9132228200385796e-08,-0.1455872590688714,-0.0702945005711325,False,False
D_alcohol,200,satlife,type_A,minimal,cross_sectional,age_ge55,CHARLS_2011_2020,sweet,58315,-0.0454379866531606,0.0186369321754576,0.0147662619359767,-0.0819657024993734,-0.0089102708069479,False,False
D_alcohol,201,satlife,type_A,baseline,within_person,age_ge55,CHARLS_2011_2020,sweet,58294,-0.0639920718102127,0.019119647008156,0.0008171258662015,-0.1014658913433176,-0.0265182522771078,False,False
D_alcohol,202,satlife,type_A,baseline,cross_sectional,age_ge55,CHARLS_2011_2020,sweet,58294,-0.0431015902262537,0.0187252923450322,0.021347320409877,-0.0798024888225005,-0.006400691630007,False,False
D_alcohol,203,satlife,type_A,full,within_person,age_ge55,CHARLS_2011_2020,sweet,38375,-0.0287316893756881,0.0279430643872966,0.3038451456622301,-0.0834990891924732,0.0260357104410969,False,False
D_alcohol,204,satlife,type_A,full,cross_sectional,age_ge55,CHARLS_2011_2020,sweet,38375,-0.0442675658093187,0.02463414744285,0.072335601364173,-0.0925496075871543,0.0040144759685168,False,False
D_alcohol,205,satlife,type_A,minimal,within_person,men_only,CHARLS_2011_2020,sweet,40583,-0.1160059471007942,0.0157300037721293,1.6456718971985258e-13,-0.146836187970847,-0.0851757062307414,False,False
D_alcohol,206,satlife,type_A,minimal,cross_sectional,men_only,CHARLS_2011_2020,sweet,40583,-0.0712845603640749,0.0156529350455836,5.2617858836692576e-06,-0.1019637493057637,-0.0406053714223861,False,False
D_alcohol,207,satlife,type_A,baseline,within_person,men_only,CHARLS_2011_2020,sweet,40483,-0.0760974263932937,0.01569838065566,1.2504605048461904e-06,-0.1068656870939877,-0.0453291656925996,False,False
D_alcohol,208,satlife,type_A,baseline,cross_sectional,men_only,CHARLS_2011_2020,sweet,40483,-0.0516710710928118,0.0156803875449477,0.0009832803991702,-0.0824040659445398,-0.0209380762410837,False,False
D_alcohol,209,satlife,type_A,full,within_person,men_only,CHARLS_2011_2020,sweet,24067,-0.0236177406140175,0.025204639239891,0.3487382794667033,-0.073017925767529,0.0257824445394938,False,False
D_alcohol,210,satlife,type_A,full,cross_sectional,men_only,CHARLS_2011_2020,sweet,24067,-0.0345178025716067,0.0221176885024833,0.1186081476320241,-0.0778676754577497,0.0088320703145362,False,False
D_alcohol,211,srh,type_A,minimal,within_person,all,CHARLS_2011_2020,sweet,90716,0.0442803012134868,0.0158713288969115,0.0052715287820504,0.0131730681887503,0.0753875342382232,True,False
D_alcohol,212,srh,type_A,minimal,cross_sectional,all,CHARLS_2011_2020,sweet,90716,0.2763052870078875,0.018643052405987,1.0746770050064523e-49,0.23976557573026,0.312844998285515,True,False
D_alcohol,213,srh,type_A,baseline,within_person,all,CHARLS_2011_2020,sweet,90410,0.0286930509097576,0.0159717560545243,0.0724171104331053,-0.0026110157269695,0.0599971175464849,True,False
D_alcohol,214,srh,type_A,baseline,cross_sectional,all,CHARLS_2011_2020,sweet,90410,0.149390573738466,0.0184144884566216,4.952150944004286e-16,0.1132988395697589,0.185482307907173,True,False
D_alcohol,215,srh,type_A,full,within_person,all,CHARLS_2011_2020,sweet,54121,0.0356931603879171,0.0247329292672663,0.1489801167331604,-0.0127824902081014,0.0841688109839357,True,False
D_alcohol,216,srh,type_A,full,cross_sectional,all,CHARLS_2011_2020,sweet,54121,0.1282451059284234,0.0247638809673638,2.2341831896368769e-07,0.0797087911149534,0.1767814207418934,True,False
D_alcohol,217,srh,type_A,minimal,within_person,current_drinkers,CHARLS_2011_2020,sweet,31471,0.0158478428394324,0.0168899563280978,0.3480903565868773,-0.0172558632640937,0.0489515489429586,True,False
D_alcohol,218,srh,type_A,minimal,cross_sectional,current_drinkers,CHARLS_2011_2020,sweet,31471,0.10205314962062,0.0186609438059766,4.53067984681758e-08,0.0654783718433799,0.1386279273978601,True,False
D_alcohol,219,srh,type_A,baseline,within_person,current_drinkers,CHARLS_2011_2020,sweet,31389,-0.001098597789616,0.0171098647600593,0.9488042541024628,-0.0346333164996833,0.0324361209204512,True,False
D_alcohol,220,srh,type_A,baseline,cross_sectional,current_drinkers,CHARLS_2011_2020,sweet,31389,0.0463485429399743,0.0183784216179221,0.0116722858558975,0.0103274984761546,0.082369587403794,True,False
D_alcohol,221,srh,type_A,full,within_person,current_drinkers,CHARLS_2011_2020,sweet,17982,-0.0036339275314921,0.027072153023187,0.8932197567436202,-0.0566943724408958,0.0494265173779115,True,False
D_alcohol,222,srh,type_A,full,cross_sectional,current_drinkers,CHARLS_2011_2020,sweet,17982,0.0239691477388292,0.0250043564854278,0.337760864729606,-0.0250384904292099,0.0729767859068684,True,False
D_alcohol,223,srh,type_A,minimal,within_person,age_lt65,CHARLS_2011_2020,sweet,60250,0.0264643792761399,0.0180695240750381,0.143033793792191,-0.0089512371287142,0.0618799956809941,True,False
D_alcohol,224,srh,type_A,minimal,cross_sectional,age_lt65,CHARLS_2011_2020,sweet,60250,0.2369073752889381,0.0209425687992768,1.1413716987284297e-29,0.1958606946986031,0.2779540558792731,True,False
D_alcohol,225,srh,type_A,baseline,within_person,age_lt65,CHARLS_2011_2020,sweet,60201,0.0176482721627898,0.0181575273261166,0.3310736842901398,-0.0179398274447006,0.0532363717702803,True,False
D_alcohol,226,srh,type_A,baseline,cross_sectional,age_lt65,CHARLS_2011_2020,sweet,60201,0.1252921456644249,0.0207563177727555,1.5765105486204835e-09,0.0846105103781554,0.1659737809506944,True,False
D_alcohol,227,srh,type_A,full,within_person,age_lt65,CHARLS_2011_2020,sweet,33547,0.040377716127194,0.0299492665657856,0.1775928305560503,-0.0183217677051354,0.0990771999595234,True,False
D_alcohol,228,srh,type_A,full,cross_sectional,age_lt65,CHARLS_2011_2020,sweet,33547,0.095406969775693,0.0285748518894996,0.0008412782643559,0.0394012892087074,0.1514126503426787,True,False
D_alcohol,229,srh,type_A,minimal,within_person,age_ge55,CHARLS_2011_2020,sweet,61382,0.0566359093376258,0.0219924269413894,0.0100168817453373,0.0135315445998741,0.0997402740753775,True,False
D_alcohol,230,srh,type_A,minimal,cross_sectional,age_ge55,CHARLS_2011_2020,sweet,61382,0.2497713070596595,0.0245031160465637,2.1209909142501694e-24,0.2017460820993891,0.2977965320199299,True,False
D_alcohol,231,srh,type_A,baseline,within_person,age_ge55,CHARLS_2011_2020,sweet,61341,0.0372263053022124,0.0221471379531118,0.0927895232926371,-0.0061812874465267,0.0806338980509517,True,False
D_alcohol,232,srh,type_A,baseline,cross_sectional,age_ge55,CHARLS_2011_2020,sweet,61341,0.1550607847898648,0.0243897030293633,2.0488603954918666e-10,0.1072578452586852,0.2028637243210444,True,False
D_alcohol,233,srh,type_A,full,within_person,age_ge55,CHARLS_2011_2020,sweet,39686,0.0272532740529357,0.0320347733988073,0.3949136084138809,-0.0355337280616284,0.0900402761674999,True,False
D_alcohol,234,srh,type_A,full,cross_sectional,age_ge55,CHARLS_2011_2020,sweet,39686,0.1303895655544142,0.0316162841868099,3.72143819494572e-05,0.0684227872232834,0.192356343885545,True,False
D_alcohol,235,srh,type_A,minimal,within_person,men_only,CHARLS_2011_2020,sweet,42913,0.035254270209899,0.0175965642638324,0.0451263672352029,0.0007656380011429,0.0697429024186552,True,False
D_alcohol,236,srh,type_A,minimal,cross_sectional,men_only,CHARLS_2011_2020,sweet,42913,0.2083223615616844,0.0208651429933845,1.7868513371169524e-23,0.1674274327623725,0.2492172903609964,True,False
D_alcohol,237,srh,type_A,baseline,within_person,men_only,CHARLS_2011_2020,sweet,42763,0.0135128287733255,0.0177723882917551,0.4470590759781537,-0.0213204121977758,0.0483460697444269,True,False
D_alcohol,238,srh,type_A,baseline,cross_sectional,men_only,CHARLS_2011_2020,sweet,42763,0.1219315106156938,0.0205636381321531,3.039108597130111e-09,0.0816275204855591,0.1622355007458285,True,False
D_alcohol,239,srh,type_A,full,within_person,men_only,CHARLS_2011_2020,sweet,24664,0.0235922249718451,0.0284078508359337,0.4062659985190026,-0.0320861395447711,0.0792705894884613,True,False
D_alcohol,240,srh,type_A,full,cross_sectional,men_only,CHARLS_2011_2020,sweet,24664,0.1001600454643348,0.0282897549599382,0.0003993606461993,0.0447131446113924,0.1556069463172772,True,False
D_alcohol,241,cesd10,type_A,minimal,within_person,all,CHARLS_2011_2020,sweet,86385,-0.036461902990189,0.0945591166030709,0.6997936568112595,-0.2217943659421315,0.1488705599617535,False,False
D_alcohol,242,cesd10,type_A,minimal,cross_sectional,all,CHARLS_2011_2020,sweet,86385,-1.620788056258605,0.1113576846791661,5.4450458696286925e-48,-1.8390451076315384,-1.4025310048856716,False,False
D_alcohol,243,cesd10,type_A,baseline,within_person,all,CHARLS_2011_2020,sweet,86157,0.2120938576807901,0.0950758044439383,0.0256952490607583,0.0257487051694977,0.3984390101920825,False,False
D_alcohol,244,cesd10,type_A,baseline,cross_sectional,all,CHARLS_2011_2020,sweet,86157,-0.4302372506114123,0.1088651003070103,7.749367622114608e-05,-0.643608926386493,-0.2168655748363316,False,False
D_alcohol,245,cesd10,type_A,full,within_person,all,CHARLS_2011_2020,sweet,52404,0.5050920768848004,0.156455427889814,0.0012450877275335,0.1984450730349614,0.8117390807346394,False,False
D_alcohol,246,cesd10,type_A,full,cross_sectional,all,CHARLS_2011_2020,sweet,52404,-0.2470590440431047,0.1529524878726695,0.1062529747617101,-0.5468404116193364,0.0527223235331268,False,False
D_alcohol,247,cesd10,type_A,minimal,within_person,current_drinkers,CHARLS_2011_2020,sweet,30148,0.0893880200917946,0.100398160375159,0.3732859048496977,-0.1073887583575933,0.2861647985411827,False,False
D_alcohol,248,cesd10,type_A,minimal,cross_sectional,current_drinkers,CHARLS_2011_2020,sweet,30148,-0.6143308213482197,0.1114463897104646,3.5408628725591415e-08,-0.8327617313877456,-0.3958999113086938,False,False
D_alcohol,249,cesd10,type_A,baseline,within_person,current_drinkers,CHARLS_2011_2020,sweet,30084,0.2230486586722941,0.1011845969580453,0.0274980776675772,0.0247304928443242,0.4213668245002641,False,False
D_alcohol,250,cesd10,type_A,baseline,cross_sectional,current_drinkers,CHARLS_2011_2020,sweet,30084,-0.1943902134796044,0.1093065811853881,0.0753390993566409,-0.4086271758761687,0.0198467489169598,False,False
D_alcohol,251,cesd10,type_A,full,within_person,current_drinkers,CHARLS_2011_2020,sweet,17615,0.5366813565952518,0.1664038704308601,0.0012589633763134,0.2105357636626963,0.8628269495278074,False,False
D_alcohol,252,cesd10,type_A,full,cross_sectional,current_drinkers,CHARLS_2011_2020,sweet,17615,0.0398551269221397,0.1541054256951721,0.7959265389418411,-0.2621859572626111,0.3418962111068905,False,False
D_alcohol,253,cesd10,type_A,minimal,within_person,age_lt65,CHARLS_2011_2020,sweet,57896,0.1114049072597887,0.104227984865921,0.2851336950854262,-0.0928781892586022,0.3156880037781797,False,False
D_alcohol,254,cesd10,type_A,minimal,cross_sectional,age_lt65,CHARLS_2011_2020,sweet,57896,-1.4548945659751302,0.1214605339546176,4.6151756131772256e-33,-1.6929528380691852,-1.2168362938810753,False,False
D_alcohol,255,cesd10,type_A,baseline,within_person,age_lt65,CHARLS_2011_2020,sweet,57864,0.3292891124086648,0.1046417630712185,0.0016505481483258,0.124195025510303,0.5343831993070266,False,False
D_alcohol,256,cesd10,type_A,baseline,cross_sectional,age_lt65,CHARLS_2011_2020,sweet,57864,-0.3207342329144297,0.1185315501089973,0.0068120054625778,-0.5530518021597692,-0.0884166636690902,False,False
D_alcohol,257,cesd10,type_A,full,within_person,age_lt65,CHARLS_2011_2020,sweet,32902,0.5302440895619936,0.1850917870861359,0.0041732154651127,0.1674708530390112,0.8930173260849761,False,False
D_alcohol,258,cesd10,type_A,full,cross_sectional,age_lt65,CHARLS_2011_2020,sweet,32902,-0.1320385745688703,0.1741691469167708,0.4483878742561351,-0.4734038297438065,0.2093266806060659,False,False
D_alcohol,259,cesd10,type_A,minimal,within_person,age_ge55,CHARLS_2011_2020,sweet,58281,-0.2723212574276412,0.1367287086240132,0.0464050368330878,-0.5403046019833782,-0.0043379128719042,False,False
D_alcohol,260,cesd10,type_A,minimal,cross_sectional,age_ge55,CHARLS_2011_2020,sweet,58281,-1.622116802844609,0.1597523511399764,3.1822890740365292e-24,-1.9352256575245588,-1.3090079481646586,False,False
D_alcohol,261,cesd10,type_A,baseline,within_person,age_ge55,CHARLS_2011_2020,sweet,58254,-0.0347069209821975,0.137680648435429,0.8009770777331437,-0.3045560332837593,0.2351421913193642,False,False
D_alcohol,262,cesd10,type_A,baseline,cross_sectional,age_ge55,CHARLS_2011_2020,sweet,58254,-0.5888338933955478,0.1550594522242334,0.0001461794147667,-0.8927448352175544,-0.2849229515735411,False,False
D_alcohol,263,cesd10,type_A,full,within_person,age_ge55,CHARLS_2011_2020,sweet,38198,0.2309669931452215,0.208387820903313,0.2677099607015054,-0.177465630642055,0.6393996169324982,False,False
D_alcohol,264,cesd10,type_A,full,cross_sectional,age_ge55,CHARLS_2011_2020,sweet,38198,-0.373191139403126,0.2041336679450821,0.0675239745426576,-0.7732857766075454,0.0269034978012934,False,False
D_alcohol,265,cesd10,type_A,minimal,within_person,men_only,CHARLS_2011_2020,sweet,40834,-0.0476196373724395,0.1039438124256898,0.6468600242432084,-0.2513457661425786,0.1561064913976995,False,False
D_alcohol,266,cesd10,type_A,minimal,cross_sectional,men_only,CHARLS_2011_2020,sweet,40834,-0.9957833843830952,0.1171898161893801,1.9424606616205406e-17,-1.2254712034691493,-0.7660955652970414,False,False
D_alcohol,267,cesd10,type_A,baseline,within_person,men_only,CHARLS_2011_2020,sweet,40723,0.1332059616046953,0.1046380486759846,0.203012189879184,-0.0718808452127837,0.3382927684221744,False,False
D_alcohol,268,cesd10,type_A,baseline,cross_sectional,men_only,CHARLS_2011_2020,sweet,40723,-0.5238712227345189,0.1162490954619472,6.591991032845411e-06,-0.7517152630752941,-0.2960271823937437,False,False
D_alcohol,269,cesd10,type_A,full,within_person,men_only,CHARLS_2011_2020,sweet,24125,0.3738914424936457,0.1761819080628638,0.0338218054888205,0.0285812479628855,0.7192016370244059,False,False
D_alcohol,270,cesd10,type_A,full,cross_sectional,men_only,CHARLS_2011_2020,sweet,24125,-0.3714143571102152,0.1661780763251805,0.0254148376210559,-0.6971174017277173,-0.0457113124927131,False,False
D_alcohol,271,satlife,freq_moderate,minimal,within_person,all,CHARLS_2011_2020,sweet,86009,-0.1101098159575992,0.0111612065348673,5.879704336699381e-23,-0.1319853787899522,-0.0882342531252462,False,False
D_alcohol,272,satlife,freq_moderate,minimal,cross_sectional,all,CHARLS_2011_2020,sweet,86009,-0.0807504700912131,0.0110502422514161,2.72007229613113e-13,-0.1024085469244315,-0.0590923932579946,False,False
D_alcohol,273,satlife,freq_moderate,baseline,within_person,all,CHARLS_2011_2020,sweet,85808,-0.0811567616277156,0.0111113580183731,2.794480675546081e-13,-0.1029346231630573,-0.0593789000923738,False,False
D_alcohol,274,satlife,freq_moderate,baseline,cross_sectional,all,CHARLS_2011_2020,sweet,85808,-0.0837237480245509,0.0111124621476641,4.9125785878228814e-14,-0.1055037736135373,-0.0619437224355645,False,False
D_alcohol,275,satlife,freq_moderate,full,within_person,all,CHARLS_2011_2020,sweet,52442,-0.0374391990914236,0.0163216770182788,0.0218001010926688,-0.0694290982145452,-0.0054492999683019,False,False
D_alcohol,276,satlife,freq_moderate,full,cross_sectional,all,CHARLS_2011_2020,sweet,52442,-0.0662800073615831,0.0148196455569992,7.733132628393037e-06,-0.0953259789169507,-0.0372340358062155,False,False
D_alcohol,277,satlife,freq_moderate,minimal,within_person,current_drinkers,CHARLS_2011_2020,sweet,29984,-0.1370586460114692,0.0124765642510821,4.498038652175322e-28,-0.1615122625943901,-0.1126050294285483,False,False
D_alcohol,278,satlife,freq_moderate,minimal,cross_sectional,current_drinkers,CHARLS_2011_2020,sweet,29984,-0.124036309550281,0.0116832885685196,2.4959560777315103e-26,-0.1469351343655681,-0.101137484734994,False,False
D_alcohol,279,satlife,freq_moderate,baseline,within_person,current_drinkers,CHARLS_2011_2020,sweet,29923,-0.1066044405330258,0.0126044379136291,2.7272372667885857e-17,-0.1313086848891101,-0.0819001961769415,False,False
D_alcohol,280,satlife,freq_moderate,baseline,cross_sectional,current_drinkers,CHARLS_2011_2020,sweet,29923,-0.1155042836875476,0.0117264804501497,6.863410539632994e-23,-0.1384877630352542,-0.0925208043398409,False,False
D_alcohol,281,satlife,freq_moderate,full,within_person,current_drinkers,CHARLS_2011_2020,sweet,17579,-0.0525983211222609,0.0193371671383994,0.0065269395369826,-0.0904984722765551,-0.0146981699679666,False,False
D_alcohol,282,satlife,freq_moderate,full,cross_sectional,current_drinkers,CHARLS_2011_2020,sweet,17579,-0.0972945319195741,0.0159052763731309,9.52798249281253e-10,-0.1284683007750666,-0.0661207630640815,False,False
D_alcohol,283,satlife,freq_moderate,minimal,within_person,age_lt65,CHARLS_2011_2020,sweet,57224,-0.1255549943840971,0.0129716553888692,3.6966702855047187e-22,-0.1509789717661457,-0.1001310170020486,False,False
D_alcohol,284,satlife,freq_moderate,minimal,cross_sectional,age_lt65,CHARLS_2011_2020,sweet,57224,-0.0757084978588982,0.0124583937900565,1.225229295481187e-09,-0.1001265009926265,-0.0512904947251699,False,False
D_alcohol,285,satlife,freq_moderate,baseline,within_person,age_lt65,CHARLS_2011_2020,sweet,57193,-0.098807314461881,0.0129097898792647,1.9531807306600585e-14,-0.1241100376732195,-0.0735045912505425,False,False
D_alcohol,286,satlife,freq_moderate,baseline,cross_sectional,age_lt65,CHARLS_2011_2020,sweet,57193,-0.0957081817166764,0.0125350359577074,2.2537589183090725e-14,-0.1202764007386976,-0.0711399626946552,False,False
D_alcohol,287,satlife,freq_moderate,full,within_person,age_lt65,CHARLS_2011_2020,sweet,32630,-0.0573704876363766,0.0204045590445747,0.0049288034138132,-0.0973626884841641,-0.017378286788589,False,False
D_alcohol,288,satlife,freq_moderate,full,cross_sectional,age_lt65,CHARLS_2011_2020,sweet,32630,-0.0794762660184998,0.0172839466042997,4.2601215006997455e-06,-0.1133521788736407,-0.0456003531633589,False,False
D_alcohol,289,satlife,freq_moderate,minimal,within_person,age_ge55,CHARLS_2011_2020,sweet,58315,-0.0905175308168245,0.0148964640174303,1.2287681486182716e-09,-0.1197140637879848,-0.0613209978456641,False,False
D_alcohol,290,satlife,freq_moderate,minimal,cross_sectional,age_ge55,CHARLS_2011_2020,sweet,58315,-0.0671764985532811,0.0142277559900877,2.340996037304707e-06,-0.0950623878746771,-0.039290609231885,False,False
D_alcohol,291,satlife,freq_moderate,baseline,within_person,age_ge55,CHARLS_2011_2020,sweet,58294,-0.0615340085280077,0.0147905380129761,3.177420363870779e-05,-0.0905229303454116,-0.0325450867106037,False,False
D_alcohol,292,satlife,freq_moderate,baseline,cross_sectional,age_ge55,CHARLS_2011_2020,sweet,58294,-0.067563389920009,0.0143315221322697,2.4251857291319308e-06,-0.0956526571428963,-0.0394741226971216,False,False
D_alcohol,293,satlife,freq_moderate,full,within_person,age_ge55,CHARLS_2011_2020,sweet,38375,-0.0260549577219393,0.0206955285852982,0.2080427719912475,-0.0666174483901431,0.0145075329462643,False,False
D_alcohol,294,satlife,freq_moderate,full,cross_sectional,age_ge55,CHARLS_2011_2020,sweet,38375,-0.0572757934333868,0.0185430872998972,0.0020097012967461,-0.0936195767033676,-0.020932010163406,False,False
D_alcohol,295,satlife,freq_moderate,minimal,within_person,men_only,CHARLS_2011_2020,sweet,40583,-0.1126271608451415,0.0125902743215827,3.70040221592422e-19,-0.1373036450709232,-0.0879506766193599,False,False
D_alcohol,296,satlife,freq_moderate,minimal,cross_sectional,men_only,CHARLS_2011_2020,sweet,40583,-0.0998431485959302,0.0123008981000886,4.788869893056416e-16,-0.123952465849601,-0.0757338313422593,False,False
D_alcohol,297,satlife,freq_moderate,baseline,within_person,men_only,CHARLS_2011_2020,sweet,40483,-0.0825109694511215,0.0125736922603985,5.302285766764252e-11,-0.1071549534341927,-0.0578669854680502,False,False
D_alcohol,298,satlife,freq_moderate,baseline,cross_sectional,men_only,CHARLS_2011_2020,sweet,40483,-0.0850224616523332,0.0123417191573659,5.617447319329786e-12,-0.1092117867080784,-0.0608331365965879,False,False
D_alcohol,299,satlife,freq_moderate,full,within_person,men_only,CHARLS_2011_2020,sweet,24067,-0.0327633231367999,0.0187508916765331,0.0805863291472422,-0.0695143955008168,0.0039877492272169,False,False
D_alcohol,300,satlife,freq_moderate,full,cross_sectional,men_only,CHARLS_2011_2020,sweet,24067,-0.0672594029907034,0.0166500328650189,5.354339281656787e-05,-0.0998928677475487,-0.0346259382338581,False,False
D_alcohol,301,srh,freq_moderate,minimal,within_person,all,CHARLS_2011_2020,sweet,90716,0.0049088903732932,0.0121677956957438,0.6866297110948465,-0.0189395509616061,0.0287573317081926,True,False
D_alcohol,302,srh,freq_moderate,minimal,cross_sectional,all,CHARLS_2011_2020,sweet,90716,0.149655707765972,0.0142833145437486,1.0941796880441284e-25,0.1216609256803675,0.1776504898515764,True,False
D_alcohol,303,srh,freq_moderate,baseline,within_person,all,CHARLS_2011_2020,sweet,90410,-0.0054814406190451,0.0122187623496122,0.653714102788537,-0.029429774759939,0.0184668935218488,True,False
D_alcohol,304,srh,freq_moderate,baseline,cross_sectional,all,CHARLS_2011_2020,sweet,90410,0.0471029788095947,0.0140057058964964,0.0007706467921927,0.0196522996744014,0.0745536579447881,True,False
D_alcohol,305,srh,freq_moderate,full,within_person,all,CHARLS_2011_2020,sweet,54121,0.0085138271403421,0.0179031511455731,0.6343956561217488,-0.0265757043147583,0.0436033585954425,True,False
D_alcohol,306,srh,freq_moderate,full,cross_sectional,all,CHARLS_2011_2020,sweet,54121,0.026439420763625,0.0180859624685376,0.1437754005258855,-0.0090084143004518,0.0618872558277019,True,False
D_alcohol,307,srh,freq_moderate,minimal,within_person,current_drinkers,CHARLS_2011_2020,sweet,31471,0.0003695339765961,0.01348152958934,0.9781324117702732,-0.0260537784750213,0.0267928464282137,True,False
D_alcohol,308,srh,freq_moderate,minimal,cross_sectional,current_drinkers,CHARLS_2011_2020,sweet,31471,-0.0005996339263092,0.0148760217209785,0.9678469733624911,-0.0297561007326626,0.0285568328800441,True,False
D_alcohol,309,srh,freq_moderate,baseline,within_person,current_drinkers,CHARLS_2011_2020,sweet,31389,-0.0157840341334531,0.0136869209935288,0.2488200033751573,-0.0426099063400148,0.0110418380731086,True,False
D_alcohol,310,srh,freq_moderate,baseline,cross_sectional,current_drinkers,CHARLS_2011_2020,sweet,31389,-0.0399230355812648,0.0146269267117966,0.0063445719025116,-0.0685912851408931,-0.0112547860216364,True,False
D_alcohol,311,srh,freq_moderate,full,within_person,current_drinkers,CHARLS_2011_2020,sweet,17982,-0.0117360984439562,0.0207888830366806,0.572388570330856,-0.0524815604746659,0.0290093635867533,True,False
D_alcohol,312,srh,freq_moderate,full,cross_sectional,current_drinkers,CHARLS_2011_2020,sweet,17982,-0.0569313437906864,0.0194492039877377,0.0034204956002067,-0.0950510831346252,-0.0188116044467475,True,False
D_alcohol,313,srh,freq_moderate,minimal,within_person,age_lt65,CHARLS_2011_2020,sweet,60250,0.0058933046902971,0.0142253488296922,0.6786676602245028,-0.0219878666834186,0.0337744760640129,True,False
D_alcohol,314,srh,freq_moderate,minimal,cross_sectional,age_lt65,CHARLS_2011_2020,sweet,60250,0.1373798016396936,0.0161730057801036,1.9897692752218873e-17,0.1056812927889323,0.169078310490455,True,False
D_alcohol,315,srh,freq_moderate,baseline,within_person,age_lt65,CHARLS_2011_2020,sweet,60201,0.0003054801898722,0.0142866247629686,0.9829407323569092,-0.0276957898061843,0.0283067501859287,True,False
D_alcohol,316,srh,freq_moderate,baseline,cross_sectional,age_lt65,CHARLS_2011_2020,sweet,60201,0.0438558616310517,0.0160088714913577,0.0061537881122502,0.0124790500748605,0.0752326731872428,True,False
D_alcohol,317,srh,freq_moderate,full,within_person,age_lt65,CHARLS_2011_2020,sweet,33547,0.0293915407716177,0.0220562059779616,0.1826714315884114,-0.0138378285807841,0.0726209101240196,True,False
D_alcohol,318,srh,freq_moderate,full,cross_sectional,age_lt65,CHARLS_2011_2020,sweet,33547,0.02645044708335,0.0215082634264487,0.2187792403252052,-0.0157049746024895,0.0686058687691896,True,False
D_alcohol,319,srh,freq_moderate,minimal,within_person,age_ge55,CHARLS_2011_2020,sweet,61382,0.0019891781409396,0.0159547819214658,0.900780070751256,-0.0292816198063242,0.0332599760882034,True,False
D_alcohol,320,srh,freq_moderate,minimal,cross_sectional,age_ge55,CHARLS_2011_2020,sweet,61382,0.1153261077667873,0.0181386196837254,2.0434146044425227e-10,0.079775066457416,0.1508771490761586,True,False
D_alcohol,321,srh,freq_moderate,baseline,within_person,age_ge55,CHARLS_2011_2020,sweet,61341,-0.0102024258573746,0.0159954910562173,0.5235834614453325,-0.0415530122425931,0.0211481605278438,True,False
D_alcohol,322,srh,freq_moderate,baseline,cross_sectional,age_ge55,CHARLS_2011_2020,sweet,61341,0.0392567676258292,0.01792059496094,0.0284811055930683,0.0041330469208567,0.0743804883308018,True,False
D_alcohol,323,srh,freq_moderate,full,within_person,age_ge55,CHARLS_2011_2020,sweet,39686,-0.0148261964948793,0.0225091892873543,0.5101057387121346,-0.0589433968192887,0.02929100382953,True,False
D_alcohol,324,srh,freq_moderate,full,cross_sectional,age_ge55,CHARLS_2011_2020,sweet,39686,0.0125271629241794,0.0221961113011923,0.5724918186170103,-0.0309764158229999,0.0560307416713588,True,False
D_alcohol,325,srh,freq_moderate,minimal,within_person,men_only,CHARLS_2011_2020,sweet,42913,-0.0010410751466969,0.0136570185951317,0.9392360795036528,-0.0278083397293489,0.025726189435955,True,False
D_alcohol,326,srh,freq_moderate,minimal,cross_sectional,men_only,CHARLS_2011_2020,sweet,42913,0.0904682847004061,0.0162408406644486,2.5412768542101797e-08,0.0586368219194332,0.1222997474813791,True,False
D_alcohol,327,srh,freq_moderate,baseline,within_person,men_only,CHARLS_2011_2020,sweet,42763,-0.0174605436325517,0.0137690395340019,0.2047616036110848,-0.0444473652209038,0.0095262779558002,True,False
D_alcohol,328,srh,freq_moderate,baseline,cross_sectional,men_only,CHARLS_2011_2020,sweet,42763,0.0248511926870369,0.0159500633621818,0.1192184763064081,-0.0064103570539713,0.0561127424280453,True,False
D_alcohol,329,srh,freq_moderate,full,within_person,men_only,CHARLS_2011_2020,sweet,24664,0.0052865615284829,0.0205017002689384,0.7965152163339808,-0.0348960326204714,0.0454691556774373,True,False
D_alcohol,330,srh,freq_moderate,full,cross_sectional,men_only,CHARLS_2011_2020,sweet,24664,-0.0012693074637286,0.0210196275260749,0.951847593512755,-0.0424670203832823,0.039928405455825,True,False
D_alcohol,331,cesd10,freq_moderate,minimal,within_person,all,CHARLS_2011_2020,sweet,86385,0.0205543010089419,0.0743055754308293,0.7820730145440051,-0.125081950686008,0.1661905527038918,False,False
D_alcohol,332,cesd10,freq_moderate,minimal,cross_sectional,all,CHARLS_2011_2020,sweet,86385,-0.8627453487498616,0.0904811201388313,1.4976000256171354e-21,-1.0400850855028128,-0.6854056119969104,False,False
D_alcohol,333,cesd10,freq_moderate,baseline,within_person,all,CHARLS_2011_2020,sweet,86157,0.1926556258933288,0.0747014109192232,0.0099084148231851,0.046243550897324,0.3390677008893336,False,False
D_alcohol,334,cesd10,freq_moderate,baseline,cross_sectional,all,CHARLS_2011_2020,sweet,86157,0.1223875086172391,0.0872346477363867,0.1606260760621751,-0.0485892591501174,0.2933642763845958,False,False
D_alcohol,335,cesd10,freq_moderate,full,within_person,all,CHARLS_2011_2020,sweet,52404,0.3363000993948848,0.114426541634066,0.0032926849193406,0.1120281989166424,0.5605719998731272,False,False
D_alcohol,336,cesd10,freq_moderate,full,cross_sectional,all,CHARLS_2011_2020,sweet,52404,0.2498719917328356,0.1169452932980443,0.0326258913504474,0.0206634287071952,0.479080554758476,False,False
D_alcohol,337,cesd10,freq_moderate,minimal,within_person,current_drinkers,CHARLS_2011_2020,sweet,30148,0.0386542489950701,0.0820612986392997,0.6376113449044071,-0.122182940862543,0.1994914388526833,False,False
D_alcohol,338,cesd10,freq_moderate,minimal,cross_sectional,current_drinkers,CHARLS_2011_2020,sweet,30148,0.0397616840291733,0.0923822222097076,0.6669017384163662,-0.1413041443136298,0.2208275123719765,False,False
D_alcohol,339,cesd10,freq_moderate,baseline,within_person,current_drinkers,CHARLS_2011_2020,sweet,30084,0.1679932229112199,0.0829387773171621,0.0428151462741047,0.0054362064477946,0.3305502393746452,False,False
D_alcohol,340,cesd10,freq_moderate,baseline,cross_sectional,current_drinkers,CHARLS_2011_2020,sweet,30084,0.3116533125750931,0.0902301643819674,0.0005523754012804,0.1348054400673082,0.4885011850828781,False,False
D_alcohol,341,cesd10,freq_moderate,full,within_person,current_drinkers,CHARLS_2011_2020,sweet,17615,0.3432141558278654,0.1332919933220741,0.0100267761958667,0.0819666494890467,0.6044616621666841,False,False
D_alcohol,342,cesd10,freq_moderate,full,cross_sectional,current_drinkers,CHARLS_2011_2020,sweet,17615,0.4330407356610395,0.1243522008789546,0.0004969910661074,0.1893149005399983,0.6767665707820808,False,False
D_alcohol,343,cesd10,freq_moderate,minimal,within_person,age_lt65,CHARLS_2011_2020,sweet,57896,0.1577510957512287,0.0845047432615261,0.0619334223535345,-0.0078751575641662,0.3233773490666238,False,False
D_alcohol,344,cesd10,freq_moderate,minimal,cross_sectional,age_lt65,CHARLS_2011_2020,sweet,57896,-0.8192107680700452,0.0996467600462987,2.0156423628487647e-16,-1.0145148289368957,-0.6239067072031949,False,False
D_alcohol,345,cesd10,freq_moderate,baseline,within_person,age_lt65,CHARLS_2011_2020,sweet,57864,0.3121317837096982,0.0847957280449149,0.0002323348817205,0.1459352106988118,0.4783283567205845,False,False
D_alcohol,346,cesd10,freq_moderate,baseline,cross_sectional,age_lt65,CHARLS_2011_2020,sweet,57864,0.146325946039027,0.0963695001367517,0.1289175209773995,-0.0425548034371342,0.3352066955151883,False,False
D_alcohol,347,cesd10,freq_moderate,full,within_person,age_lt65,CHARLS_2011_2020,sweet,32902,0.5366497068157894,0.1380474882103826,0.0001013119168131,0.2660816017672216,0.8072178118643571,False,False
D_alcohol,348,cesd10,freq_moderate,full,cross_sectional,age_lt65,CHARLS_2011_2020,sweet,32902,0.301675952504957,0.1359538180687789,0.0264895118269466,0.0352113655294394,0.5681405394804746,False,False
D_alcohol,349,cesd10,freq_moderate,minimal,within_person,age_ge55,CHARLS_2011_2020,sweet,58281,-0.1311390007103937,0.1009377437586785,0.1938729765037902,-0.3289733431581363,0.0666953417373488,False,False
D_alcohol,350,cesd10,freq_moderate,minimal,cross_sectional,age_ge55,CHARLS_2011_2020,sweet,58281,-0.7254762910858674,0.1225492343340887,3.2218412432219407e-09,-0.9656683767136408,-0.4852842054580941,False,False
D_alcohol,351,cesd10,freq_moderate,baseline,within_person,age_ge55,CHARLS_2011_2020,sweet,58254,0.0222618182295792,0.1015332149071591,0.8264502385308479,-0.1767396262230179,0.2212632626821765,False,False
D_alcohol,352,cesd10,freq_moderate,baseline,cross_sectional,age_ge55,CHARLS_2011_2020,sweet,58254,0.1003919727219038,0.1181540289503125,0.3955083987013852,-0.1311856686490115,0.3319696140928192,False,False
D_alcohol,353,cesd10,freq_moderate,full,within_person,age_ge55,CHARLS_2011_2020,sweet,38198,0.0449846419076952,0.1447165637733424,0.7559172936773586,-0.2386546110544499,0.3286238948698404,False,False
D_alcohol,354,cesd10,freq_moderate,full,cross_sectional,age_ge55,CHARLS_2011_2020,sweet,38198,0.1750050192355444,0.149924686464251,0.2430948052170852,-0.1188419666278474,0.4688520050989362,False,False
D_alcohol,355,cesd10,freq_moderate,minimal,within_person,men_only,CHARLS_2011_2020,sweet,40834,0.0503536982009553,0.0822572896764206,0.5404393367873572,-0.1108676270307074,0.2115750234326181,False,False
D_alcohol,356,cesd10,freq_moderate,minimal,cross_sectional,men_only,CHARLS_2011_2020,sweet,40834,-0.2910986721963978,0.0968539995390971,0.0026510880226106,-0.4809290230516872,-0.1012683213411083,False,False
D_alcohol,357,cesd10,freq_moderate,baseline,within_person,men_only,CHARLS_2011_2020,sweet,40723,0.1903782108685056,0.0829337359703024,0.0217018499277358,0.0278310752633589,0.3529253464736523,False,False
D_alcohol,358,cesd10,freq_moderate,baseline,cross_sectional,men_only,CHARLS_2011_2020,sweet,40723,0.0338338235437517,0.095616109224462,0.7234508038136114,-0.1535703068780418,0.2212379539655453,False,False
D_alcohol,359,cesd10,freq_moderate,full,within_person,men_only,CHARLS_2011_2020,sweet,24125,0.3217295707971733,0.1282968058302736,0.0121520672248484,0.0702724520383086,0.573186689556038,False,False
D_alcohol,360,cesd10,freq_moderate,full,cross_sectional,men_only,CHARLS_2011_2020,sweet,24125,0.1890306826211555,0.1299978606992844,0.1459168918059675,-0.0657604424166967,0.4438218076590079,False,False
